region_id	gene_id	y	score	score_alt	score_ref_copy	score_random_allele
chr8_144396341_G_A_b38	ENSG00000071894.16	1	0.49208137	0.49208137	0.49208137	0.49208137
chr8_144392695_A_G_b38	ENSG00000071894.16	1	0.49245512	0.49245512	0.49245512	0.49245512
chr8_144385464_G_A_b38	ENSG00000071894.16	1	0.4920585	0.4920585	0.4920585	0.4920585
chr8_143560774_G_A_b38	ENSG00000104518.10	1	0.49218813	0.49218813	0.49218813	0.49218813
chr8_143560999_C_T_b38	ENSG00000104518.10	1	0.49218813	0.49218813	0.49218813	0.49218813
chr8_143217478_G_A_b38	ENSG00000104518.10	0	0.49192882	0.49192882	0.49192882	0.49192882
chr8_143564997_C_T_b38	ENSG00000104518.10	0	0.49178386	0.49178386	0.49178386	0.49178386
chr7_90334130_A_T_b38	ENSG00000105793.15	1	0.49240172	0.49240172	0.49240172	0.49240172
chr7_90403618_G_A_b38	ENSG00000105793.15	1	0.49192882	0.49192882	0.49192882	0.49192882
chr7_72922409_T_C_b38	ENSG00000106133.17	1	0.49205086	0.49205086	0.49205086	0.49205086
chr7_73161290_A_T_b38	ENSG00000106133.17	1	0.49192882	0.49192882	0.49192882	0.49192882
chr7_72879790_G_A_b38	ENSG00000106133.17	0	0.4923941	0.4923941	0.4923941	0.4923941
chr7_7237584_C_G_b38	ENSG00000106392.10	1	0.49197456	0.49197456	0.49197456	0.49197456
chr7_7246814_A_T_b38	ENSG00000106392.10	1	0.49197456	0.49197456	0.49197456	0.49197456
chr11_44074688_G_A_b38	ENSG00000110455.13	1	0.4919822	0.4919822	0.4919822	0.4919822
chr11_18780579_A_G_b38	ENSG00000110786.17	1	0.49206612	0.49206612	0.49206612	0.49206612
chr11_18772701_G_C_b38	ENSG00000110786.17	1	0.4920356	0.4920356	0.4920356	0.4920356
chr7_5890951_G_A_b38	ENSG00000122674.11	1	0.49232543	0.49232543	0.49232543	0.49232543
chr11_18084324_C_T_b38	ENSG00000129167.9	1	0.4904339	0.4904339	0.4904339	0.4904339
chr11_17949250_C_T_b38	ENSG00000129167.9	1	0.49192882	0.49192882	0.49192882	0.49192882
chr11_18080255_G_A_b38	ENSG00000129167.9	0	0.4904339	0.4904339	0.4904339	0.4904339
chr11_6600139_C_T_b38	ENSG00000132275.10	1	0.49137202	0.49137202	0.49137202	0.49137202
chr13_49498293_T_C_b38	ENSG00000136147.17	1	0.4921576	0.4921576	0.4921576	0.4921576
chr13_49524240_G_T_b38	ENSG00000136147.17	1	0.49196693	0.49196693	0.49196693	0.49196693
chr9_37489865_C_T_b38	ENSG00000137106.17	0	0.49238643	0.49238643	0.49238643	0.49238643
chr8_144414270_T_C_b38	ENSG00000147804.9	1	0.49185252	0.49185252	0.49185252	0.49185252
chr8_144413722_T_C_b38	ENSG00000147804.9	1	0.49185252	0.49185252	0.49185252	0.49185252
chr9_133370663_C_G_b38	ENSG00000148290.9	1	0.49232543	0.49232543	0.49232543	0.49232543
chr9_133374318_T_C_b38	ENSG00000148290.9	1	0.4922644	0.4922644	0.4922644	0.4922644
chr7_134086377_C_T_b38	ENSG00000155530.2	1	0.49200508	0.49200508	0.49200508	0.49200508
chr7_134072534_A_G_b38	ENSG00000155530.2	1	0.49200508	0.49200508	0.49200508	0.49200508
chr9_34336268_C_T_b38	ENSG00000164978.17	1	0.49199745	0.49199745	0.49199745	0.49199745
chr7_100486301_G_A_b38	ENSG00000166924.8	1	0.4919136	0.4919136	0.4919136	0.4919136
chr7_100494172_T_C_b38	ENSG00000166924.8	1	0.4918983	0.4918983	0.4918983	0.4918983
chr7_102462430_C_T_b38	ENSG00000168255.19	1	0.49193645	0.49193645	0.49193645	0.49193645
chr7_102799737_T_C_b38	ENSG00000168255.19	1	0.49200508	0.49200508	0.49200508	0.49200508
chr13_114273404_A_G_b38	ENSG00000169062.14	1	0.4923712	0.4923712	0.4923712	0.4923712
chr13_114298948_G_A_b38	ENSG00000169062.14	1	0.4922644	0.4922644	0.4922644	0.4922644
chr13_114281526_C_T_b38	ENSG00000169062.14	0	0.49035767	0.49035767	0.49035767	0.49035767
chr13_114299007_G_A_b38	ENSG00000169062.14	0	0.4918754	0.4918754	0.4918754	0.4918754
chr13_114180516_C_G_b38	ENSG00000169062.14	0	0.49192882	0.49192882	0.49192882	0.49192882
chr13_114038648_T_C_b38	ENSG00000169062.14	0	0.49192882	0.49192882	0.49192882	0.49192882
chr13_113981629_G_A_b38	ENSG00000169062.14	0	0.49192882	0.49192882	0.49192882	0.49192882
chr13_113977522_G_A_b38	ENSG00000169062.14	0	0.49192882	0.49192882	0.49192882	0.49192882
chr7_144316026_G_T_b38	ENSG00000170356.8	1	0.49238643	0.49238643	0.49238643	0.49238643
chr7_144363193_A_G_b38	ENSG00000170356.8	1	0.49200508	0.49200508	0.49200508	0.49200508
chr11_6319295_A_T_b38	ENSG00000170955.9	1	0.49112794	0.49112794	0.49112794	0.49112794
chr9_1047536_C_T_b38	ENSG00000173253.15	1	0.49038053	0.49038053	0.49038053	0.49038053
chr9_1064985_T_C_b38	ENSG00000173253.15	0	0.49075422	0.49075422	0.49075422	0.49075422
chr9_133257521_T_TC_b38	ENSG00000175164.13	1	0.49240932	0.49240932	0.49240932	0.49240932
chr9_133252569_A_C_b38	ENSG00000175164.13	1	0.49242458	0.49242458	0.49242458	0.49242458
chr9_133269277_G_T_b38	ENSG00000175164.13	0	0.49244747	0.49244747	0.49244747	0.49244747
chr9_133262722_T_G_b38	ENSG00000175164.13	0	0.49234068	0.49234068	0.49234068	0.49234068
chr9_133262454_T_G_b38	ENSG00000175164.13	0	0.49234068	0.49234068	0.49234068	0.49234068
chr9_133259473_A_C_b38	ENSG00000175164.13	0	0.4923941	0.4923941	0.4923941	0.4923941
chr9_133257570_C_T_b38	ENSG00000175164.13	0	0.4923941	0.4923941	0.4923941	0.4923941
chr9_133256398_T_C_b38	ENSG00000175164.13	0	0.49240932	0.49240932	0.49240932	0.49240932
chr9_133256396_C_T_b38	ENSG00000175164.13	0	0.4923941	0.4923941	0.4923941	0.4923941
chr9_133253385_T_C_b38	ENSG00000175164.13	0	0.49235594	0.49235594	0.49235594	0.49235594
chr9_133253276_A_G_b38	ENSG00000175164.13	0	0.49235594	0.49235594	0.49235594	0.49235594
chr11_803017_A_G_b38	ENSG00000177595.17	1	0.4908839	0.4908839	0.4908839	0.4908839
chr11_541905_C_T_b38	ENSG00000177595.17	1	0.49192882	0.49192882	0.49192882	0.49192882
chr11_306884_T_C_b38	ENSG00000185201.16	1	0.4920966	0.4920966	0.4920966	0.4920966
chr11_202873_A_G_b38	ENSG00000185201.16	0	0.49232543	0.49232543	0.49232543	0.49232543
chr8_12179074_A_C_b38	ENSG00000186523.14	1	0.49192882	0.49192882	0.49192882	0.49192882
chr8_12172163_C_A_b38	ENSG00000186523.14	1	0.49232543	0.49232543	0.49232543	0.49232543
chr8_12140076_A_G_b38	ENSG00000186523.14	0	0.49196693	0.49196693	0.49196693	0.49196693
chr7_151404458_T_C_b38	ENSG00000187260.15	1	0.4919593	0.4919593	0.4919593	0.4919593
chr7_151404454_C_T_b38	ENSG00000187260.15	1	0.4919593	0.4919593	0.4919593	0.4919593
chr9_137605194_T_C_b38	ENSG00000197070.13	1	0.49134913	0.49134913	0.49134913	0.49134913
chr9_97238449_A_G_b38	ENSG00000197816.13	1	0.49200508	0.49200508	0.49200508	0.49200508
chr9_97238263_GGGGACTGGGAGCGCGGGTCCC_G_b38	ENSG00000197816.13	1	0.49200508	0.49200508	0.49200508	0.49200508
chr9_97312164_C_T_b38	ENSG00000197816.13	0	0.49282888	0.49282888	0.49282888	0.49282888
chr9_97326889_T_C_b38	ENSG00000197816.13	0	0.49245512	0.49245512	0.49245512	0.49245512
chr9_97283240_T_A_b38	ENSG00000197816.13	0	0.49200508	0.49200508	0.49200508	0.49200508
chr9_97279594_A_G_b38	ENSG00000197816.13	0	0.49200508	0.49200508	0.49200508	0.49200508
chr9_97275598_T_C_b38	ENSG00000197816.13	0	0.49202034	0.49202034	0.49202034	0.49202034
chr9_97340100_C_T_b38	ENSG00000197816.13	0	0.49204323	0.49204323	0.49204323	0.49204323
chr9_97274473_A_G_b38	ENSG00000197816.13	0	0.49202034	0.49202034	0.49202034	0.49202034
chr9_97271334_C_G_b38	ENSG00000197816.13	0	0.49202034	0.49202034	0.49202034	0.49202034
chr9_97353777_T_G_b38	ENSG00000197816.13	0	0.49238643	0.49238643	0.49238643	0.49238643
chr9_97259106_T_C_b38	ENSG00000197816.13	0	0.49200508	0.49200508	0.49200508	0.49200508
chr9_97356816_A_G_b38	ENSG00000197816.13	0	0.49200508	0.49200508	0.49200508	0.49200508
chr9_97250574_A_T_b38	ENSG00000197816.13	0	0.49200508	0.49200508	0.49200508	0.49200508
chr9_97369561_A_G_b38	ENSG00000197816.13	0	0.49200508	0.49200508	0.49200508	0.49200508
chr9_97370547_T_C_b38	ENSG00000197816.13	0	0.49200508	0.49200508	0.49200508	0.49200508
chr9_97377114_G_A_b38	ENSG00000197816.13	0	0.49200508	0.49200508	0.49200508	0.49200508
chr9_97377615_C_T_b38	ENSG00000197816.13	0	0.49238643	0.49238643	0.49238643	0.49238643
chr9_97378552_T_TA_b38	ENSG00000197816.13	0	0.49200508	0.49200508	0.49200508	0.49200508
chr9_97385294_T_C_b38	ENSG00000197816.13	0	0.49200508	0.49200508	0.49200508	0.49200508
chr9_97387316_T_G_b38	ENSG00000197816.13	0	0.49200508	0.49200508	0.49200508	0.49200508
chr9_129505229_AC_A_b38	ENSG00000204054.13	1	0.4923712	0.4923712	0.4923712	0.4923712
chr9_129519048_C_T_b38	ENSG00000204054.13	1	0.4919593	0.4919593	0.4919593	0.4919593
chr9_129482166_C_T_b38	ENSG00000204054.13	0	0.49206612	0.49206612	0.49206612	0.49206612
chr9_129486937_T_C_b38	ENSG00000204054.13	0	0.4920356	0.4920356	0.4920356	0.4920356
chr9_129451380_C_T_b38	ENSG00000204054.13	0	0.49188304	0.49188304	0.49188304	0.49188304
chr7_76600630_C_T_b38	ENSG00000205485.13	1	0.49200508	0.49200508	0.49200508	0.49200508
chr7_76597732_CA_C_b38	ENSG00000205485.13	0	0.49200508	0.49200508	0.49200508	0.49200508
chr7_76618488_A_G_b38	ENSG00000205485.13	0	0.49200508	0.49200508	0.49200508	0.49200508
chr7_73298493_C_T_b38	ENSG00000205578.5	1	0.49184486	0.49184486	0.49184486	0.49184486
chr7_72963767_C_G_b38	ENSG00000205578.5	1	0.49192882	0.49192882	0.49192882	0.49192882
chr7_3158580_G_A_b38	ENSG00000217455.8	1	0.49198982	0.49198982	0.49198982	0.49198982
chr7_3158155_G_C_b38	ENSG00000217455.8	1	0.49198982	0.49198982	0.49198982	0.49198982
chr9_22757715_A_C_b38	ENSG00000224549.1	1	0.49116609	0.49116609	0.49116609	0.49116609
chr9_22772416_A_G_b38	ENSG00000224549.1	0	0.49229494	0.49229494	0.49229494	0.49229494
chr9_22583562_A_G_b38	ENSG00000224549.1	0	0.49200508	0.49200508	0.49200508	0.49200508
chr9_62526354_A_G_b38	ENSG00000226007.2	1	0.49032712	0.49032712	0.49032712	0.49032712
chr9_62810149_C_T_b38	ENSG00000226007.2	1	0.49244747	0.49244747	0.49244747	0.49244747
chr11_1941470_C_T_b38	ENSG00000226416.1	1	0.49197456	0.49197456	0.49197456	0.49197456
chr7_144276745_C_A_b38	ENSG00000228960.5	1	0.4923102	0.4923102	0.4923102	0.4923102
chr7_144316026_G_T_b38	ENSG00000228960.5	1	0.49234068	0.49234068	0.49234068	0.49234068
chr7_144363193_A_G_b38	ENSG00000228960.5	1	0.4919517	0.4919517	0.4919517	0.4919517
chr7_1574731_T_C_b38	ENSG00000230487.7	1	0.49182203	0.49182203	0.49182203	0.49182203
chr7_1583139_C_G_b38	ENSG00000230487.7	1	0.49218053	0.49218053	0.49218053	0.49218053
chr7_1585159_G_A_b38	ENSG00000230487.7	1	0.49177626	0.49177626	0.49177626	0.49177626
chr7_1583201_C_T_b38	ENSG00000230487.7	0	0.49177626	0.49177626	0.49177626	0.49177626
chr7_1584087_C_T_b38	ENSG00000230487.7	0	0.49218053	0.49218053	0.49218053	0.49218053
chr7_128641202_G_A_b38	ENSG00000230715.3	1	0.49188304	0.49188304	0.49188304	0.49188304
chr7_128377539_T_C_b38	ENSG00000230715.3	1	0.4919822	0.4919822	0.4919822	0.4919822
chr7_102574618_G_A_b38	ENSG00000233297.4	1	0.49193645	0.49193645	0.49193645	0.49193645
chr7_102471478_C_T_b38	ENSG00000233297.4	1	0.49232543	0.49232543	0.49232543	0.49232543
chr7_102323497_CT_C_b38	ENSG00000233297.4	1	0.49192882	0.49192882	0.49192882	0.49192882
chr7_102756540_C_G_b38	ENSG00000233297.4	0	0.49197456	0.49197456	0.49197456	0.49197456
chr7_27099135_T_G_b38	ENSG00000233429.9	1	0.49060935	0.49060935	0.49060935	0.49060935
chr7_27099210_G_A_b38	ENSG00000233429.9	1	0.49060935	0.49060935	0.49060935	0.49060935
chr7_27097110_C_G_b38	ENSG00000233429.9	0	0.4902356	0.4902356	0.4902356	0.4902356
chr9_40118347_G_C_b38	ENSG00000237846.1	1	0.49269158	0.49269158	0.49269158	0.49269158
chr9_40085880_G_A_b38	ENSG00000237846.1	1	0.49197456	0.49197456	0.49197456	0.49197456
chr9_40109168_A_G_b38	ENSG00000237846.1	0	0.49196312	0.49196312	0.49196312	0.49196312
chr9_40111674_G_C_b38	ENSG00000237846.1	0	0.49221864	0.49221864	0.49196312	0.49196312
chr9_40092578_T_C_b38	ENSG00000237846.1	0	0.49197456	0.49197456	0.49197456	0.49197456
chr9_40141697_T_C_b38	ENSG00000237846.1	0	0.49193645	0.49193645	0.49193645	0.49193645
chr9_40187260_A_G_b38	ENSG00000237846.1	0	0.49232543	0.49232543	0.49232543	0.49232543
chr7_89835_C_T_b38	ENSG00000242611.2	1	0.49206612	0.49206612	0.49206612	0.49206612
chr7_94384_GA_G_b38	ENSG00000242611.2	1	0.49205086	0.49205086	0.49205086	0.49205086
chr7_38119_C_T_b38	ENSG00000242611.2	1	0.4919136	0.4919136	0.4919136	0.4919136
chr7_128641202_G_A_b38	ENSG00000243302.3	1	0.49188304	0.49188304	0.49188304	0.49188304
chr7_128377539_T_C_b38	ENSG00000243302.3	1	0.49197456	0.49197456	0.49197456	0.49197456
chr7_128626463_C_T_b38	ENSG00000243302.3	0	0.49184486	0.49184486	0.49184486	0.49184486
chr7_151404458_T_C_b38	ENSG00000243836.5	1	0.4911813	0.4911813	0.4911813	0.4911813
chr7_151404454_C_T_b38	ENSG00000243836.5	1	0.4911813	0.4911813	0.4911813	0.4911813
chr7_144181613_C_G_b38	ENSG00000244479.6	1	0.49192882	0.49192882	0.49192882	0.49192882
chr7_144360858_A_T_b38	ENSG00000244479.6	0	0.49137202	0.49137202	0.49137202	0.49137202
chr7_144595977_G_A_b38	ENSG00000244479.6	0	0.49192882	0.49192882	0.49192882	0.49192882
chr8_8680395_G_A_b38	ENSG00000253958.1	1	0.49233305	0.49233305	0.49233305	0.49233305
chr8_8676682_T_G_b38	ENSG00000253958.1	1	0.49233305	0.49233305	0.49233305	0.49233305
chr8_8701884_G_A_b38	ENSG00000253958.1	0	0.49263817	0.49263817	0.49263817	0.49263817
chr8_8702073_G_A_b38	ENSG00000253958.1	0	0.49263817	0.49263817	0.49263817	0.49263817
chr8_8701784_G_A_b38	ENSG00000253958.1	0	0.49263817	0.49263817	0.49263817	0.49263817
chr8_8703092_C_T_b38	ENSG00000253958.1	0	0.49263817	0.49263817	0.49263817	0.49263817
chr8_8703399_G_C_b38	ENSG00000253958.1	0	0.49263817	0.49263817	0.49263817	0.49263817
chr8_8700175_G_A_b38	ENSG00000253958.1	0	0.4920356	0.4920356	0.4920356	0.4920356
chr8_8703881_A_AT_b38	ENSG00000253958.1	0	0.49263817	0.49263817	0.49263817	0.49263817
chr8_8703932_A_G_b38	ENSG00000253958.1	0	0.49263817	0.49263817	0.49263817	0.49263817
chr8_8704026_T_C_b38	ENSG00000253958.1	0	0.49263817	0.49263817	0.49263817	0.49263817
chr8_8704139_G_A_b38	ENSG00000253958.1	0	0.49263817	0.49263817	0.49263817	0.49263817
chr8_8704498_C_T_b38	ENSG00000253958.1	0	0.49263817	0.49263817	0.49263817	0.49263817
chr8_8704628_CAG_C_b38	ENSG00000253958.1	0	0.49178767	0.49178767	0.49178767	0.49178767
chr8_8704674_T_C_b38	ENSG00000253958.1	0	0.49263817	0.49263817	0.49263817	0.49263817
chr8_8705700_A_G_b38	ENSG00000253958.1	0	0.49178767	0.49178767	0.49178767	0.49178767
chr8_8706555_T_C_b38	ENSG00000253958.1	0	0.49176866	0.49176866	0.49176866	0.49176866
chr8_8708904_G_T_b38	ENSG00000253958.1	0	0.490392	0.490392	0.490392	0.490392
chr8_8710029_C_A_b38	ENSG00000253958.1	0	0.49044916	0.49044916	0.49044916	0.49044916
chr8_8711520_C_T_b38	ENSG00000253958.1	0	0.4910822	0.4910822	0.4910822	0.4910822
chr8_8716548_G_A_b38	ENSG00000253958.1	0	0.49054068	0.49054068	0.49054068	0.49054068
chr8_8716687_C_A_b38	ENSG00000253958.1	0	0.49049494	0.49049494	0.49049494	0.49049494
chr8_8716869_C_T_b38	ENSG00000253958.1	0	0.49110508	0.49110508	0.49110508	0.49110508
chr8_8716951_C_CA_b38	ENSG00000253958.1	0	0.49049494	0.49049494	0.49049494	0.49049494
chr8_8719098_A_C_b38	ENSG00000253958.1	0	0.4910898	0.4910898	0.4910898	0.4910898
chr8_8719583_T_C_b38	ENSG00000253958.1	0	0.49045682	0.49045682	0.49045682	0.49045682
chr9_97238449_A_G_b38	ENSG00000254633.1	1	0.49200508	0.49200508	0.49200508	0.49200508
chr9_97238263_GGGGACTGGGAGCGCGGGTCCC_G_b38	ENSG00000254633.1	1	0.49200508	0.49200508	0.49200508	0.49200508
chr11_316071_G_T_b38	ENSG00000254910.1	1	0.49081528	0.49081528	0.49081528	0.49081528
chr11_323837_C_T_b38	ENSG00000254910.1	1	0.49217287	0.49217287	0.49217287	0.49217287
chr11_312929_C_T_b38	ENSG00000254910.1	0	0.49081528	0.49081528	0.49081528	0.49081528
chr11_307036_T_C_b38	ENSG00000254910.1	0	0.49188304	0.49188304	0.49188304	0.49188304
chr8_143583695_G_GGTGGCT_b38	ENSG00000255050.1	1	0.49218813	0.49218813	0.49218813	0.49218813
chr8_143599607_G_T_b38	ENSG00000255050.1	1	0.49219573	0.49219573	0.49219573	0.49219573
chr11_780321_C_CTG_b38	ENSG00000255284.1	1	0.49202034	0.49202034	0.49202034	0.49202034
chr11_783512_A_C_b38	ENSG00000255284.1	1	0.4920356	0.4920356	0.4920356	0.4920356
chr8_12193324_C_A_b38	ENSG00000255495.1	1	0.49050638	0.49050638	0.49050638	0.49050638
chr8_12384013_G_T_b38	ENSG00000255495.1	1	0.49198982	0.49198982	0.49198982	0.49198982
chr7_1464657_G_C_b38	ENSG00000273230.1	1	0.4918983	0.4918983	0.4918983	0.4918983
chr7_1482539_A_G_b38	ENSG00000273230.1	1	0.49206612	0.49206612	0.49206612	0.49206612
chr7_1465340_C_T_b38	ENSG00000273230.1	0	0.49211186	0.49211186	0.49211186	0.49211186
chr9_1047536_C_T_b38	ENSG00000281769.1	1	0.49202034	0.49202034	0.49202034	0.49202034
chr13_101404256_C_T_b38	ENSG00000102452.15	1	0.49238643	0.49238643	0.49238643	0.49238643
chr13_101381932_G_T_b38	ENSG00000102452.15	1	0.49232543	0.49232543	0.49232543	0.49232543
chr13_101539255_A_G_b38	ENSG00000102452.15	0	0.4919822	0.4919822	0.4919822	0.4919822
chr8_143558336_G_C_b38	ENSG00000104518.10	1	0.49179912	0.49179912	0.49179912	0.49179912
chr8_143590927_G_A_b38	ENSG00000104518.10	0	0.49247795	0.49247795	0.49247795	0.49247795
chr7_72982083_A_G_b38	ENSG00000106133.17	1	0.49224916	0.49224916	0.49224916	0.49224916
chr7_73254679_G_A_b38	ENSG00000106133.17	1	0.49192882	0.49192882	0.49192882	0.49192882
chr7_7640468_CTG_C_b38	ENSG00000106399.11	1	0.49192882	0.49192882	0.49192882	0.49192882
chr7_7640254_G_A_b38	ENSG00000106399.11	1	0.49192882	0.49192882	0.49192882	0.49192882
chr7_7642460_G_A_b38	ENSG00000106399.11	0	0.49200508	0.49200508	0.49200508	0.49200508
chr7_44144659_G_A_b38	ENSG00000106633.15	1	0.49200508	0.49200508	0.49200508	0.49200508
chr7_44143834_G_A_b38	ENSG00000106633.15	1	0.49200508	0.49200508	0.49200508	0.49200508
chr9_127259390_C_T_b38	ENSG00000136895.18	1	0.49192882	0.49192882	0.49192882	0.49192882
chr9_127296633_A_C_b38	ENSG00000136895.18	1	0.49192882	0.49192882	0.49192882	0.49192882
chr11_295670_G_A_b38	ENSG00000142102.15	1	0.49200508	0.49200508	0.49200508	0.49200508
chr11_295808_A_G_b38	ENSG00000142102.15	1	0.49200508	0.49200508	0.49200508	0.49200508
chr11_285110_G_A_b38	ENSG00000142102.15	0	0.49244747	0.49244747	0.49244747	0.49244747
chr11_332857_C_A_b38	ENSG00000142102.15	0	0.49188304	0.49188304	0.49188304	0.49188304
chr7_76595696_G_A_b38	ENSG00000146707.14	1	0.49196693	0.49196693	0.49196693	0.49196693
chr7_158712692_TCTGCCTCC_T_b38	ENSG00000146918.19	1	0.49206612	0.49206612	0.49206612	0.49206612
chr9_4740456_A_C_b38	ENSG00000147853.16	1	0.49109742	0.49109742	0.49109742	0.49109742
chr9_4740251_A_C_b38	ENSG00000147853.16	1	0.49109742	0.49109742	0.49109742	0.49109742
chr9_113390710_C_G_b38	ENSG00000148218.15	1	0.49202034	0.49202034	0.49202034	0.49202034
chr9_113413283_C_A_b38	ENSG00000148218.15	0	0.49086863	0.49086863	0.49086863	0.49086863
chr9_113351859_G_C_b38	ENSG00000148218.15	0	0.49197456	0.49197456	0.49197456	0.49197456
chr9_41770331_A_C_b38	ENSG00000154529.14	1	0.49238643	0.49238643	0.49238643	0.49238643
chr9_41756068_A_G_b38	ENSG00000154529.14	1	0.49200508	0.49200508	0.49200508	0.49200508
chr9_35791643_C_T_b38	ENSG00000159899.14	1	0.49247795	0.49247795	0.49247795	0.49247795
chr9_35906474_C_T_b38	ENSG00000159899.14	1	0.49200508	0.49200508	0.49200508	0.49200508
chr9_35872994_TCTA_T_b38	ENSG00000159899.14	0	0.49200508	0.49200508	0.49200508	0.49200508
chr9_33437246_G_T_b38	ENSG00000165272.14	1	0.4920356	0.4920356	0.4920356	0.4920356
chr9_33436473_T_C_b38	ENSG00000165272.14	0	0.4920356	0.4920356	0.4920356	0.4920356
chr9_33487270_G_A_b38	ENSG00000165272.14	0	0.49186778	0.49186778	0.49186778	0.49186778
chr11_6657901_T_C_b38	ENSG00000166341.7	1	0.49207374	0.49207374	0.49207374	0.49207374
chr11_6648415_G_A_b38	ENSG00000166341.7	1	0.49200508	0.49200508	0.49200508	0.49200508
chr11_6490242_C_T_b38	ENSG00000166341.7	0	0.49200508	0.49200508	0.49200508	0.49200508
chr7_102534023_T_C_b38	ENSG00000168255.19	1	0.49232543	0.49232543	0.49232543	0.49232543
chr7_102532023_AG_A_b38	ENSG00000168255.19	1	0.49232543	0.49232543	0.49232543	0.49232543
chr7_102323497_CT_C_b38	ENSG00000168255.19	1	0.49192882	0.49192882	0.49192882	0.49192882
chr11_6193588_G_A_b38	ENSG00000170955.9	0	0.49192882	0.49192882	0.49192882	0.49192882
chr9_158701_A_C_b38	ENSG00000172785.18	1	0.49082288	0.49082288	0.49082288	0.49082288
chr9_114181_A_AGG_b38	ENSG00000172785.18	1	0.49192882	0.49192882	0.49192882	0.49192882
chr9_203703_G_A_b38	ENSG00000172785.18	0	0.4919136	0.4919136	0.4919136	0.4919136
chr9_213779_G_C_b38	ENSG00000172785.18	0	0.4919136	0.4919136	0.4919136	0.4919136
chr11_701616_A_G_b38	ENSG00000177042.14	1	0.49208897	0.49208897	0.49208897	0.49208897
chr8_544804_C_G_b38	ENSG00000180190.11	1	0.49246272	0.49246272	0.49246272	0.49246272
chr8_547113_A_G_b38	ENSG00000180190.11	1	0.49246272	0.49246272	0.49246272	0.49246272
chr8_563823_T_C_b38	ENSG00000180190.11	0	0.4923712	0.4923712	0.4923712	0.4923712
chr8_12432830_G_C_b38	ENSG00000186523.14	1	0.4920356	0.4920356	0.4920356	0.4920356
chr7_76430915_G_A_b38	ENSG00000188372.14	1	0.49240172	0.49240172	0.49240172	0.49240172
chr7_76643566_C_T_b38	ENSG00000188372.14	1	0.49200508	0.49200508	0.49200508	0.49200508
chr9_35906474_C_T_b38	ENSG00000196196.2	1	0.49059406	0.49059406	0.49059406	0.49059406
chr9_35911916_T_A_b38	ENSG00000196196.2	0	0.49124238	0.49124238	0.49124238	0.49124238
chr9_35845121_C_T_b38	ENSG00000196196.2	0	0.49232543	0.49232543	0.49232543	0.49232543
chr9_35827206_T_G_b38	ENSG00000196196.2	0	0.49192882	0.49192882	0.49192882	0.49192882
chr9_97307229_GC_G_b38	ENSG00000197816.13	0	0.4910746	0.4910746	0.4910746	0.4910746
chr9_97307477_A_G_b38	ENSG00000197816.13	0	0.4910746	0.4910746	0.4910746	0.4910746
chr9_97308069_G_C_b38	ENSG00000197816.13	0	0.4910746	0.4910746	0.4910746	0.4910746
chr9_97308153_C_T_b38	ENSG00000197816.13	0	0.4910746	0.4910746	0.4910746	0.4910746
chr9_97306350_A_G_b38	ENSG00000197816.13	0	0.49021655	0.49021655	0.49021655	0.49021655
chr9_97308432_T_G_b38	ENSG00000197816.13	0	0.4910746	0.4910746	0.4910746	0.4910746
chr9_97308614_C_T_b38	ENSG00000197816.13	0	0.4910746	0.4910746	0.4910746	0.4910746
chr9_97308937_ATAATTTC_A_b38	ENSG00000197816.13	0	0.4910746	0.4910746	0.4910746	0.4910746
chr9_97292687_G_A_b38	ENSG00000197816.13	0	0.49197456	0.49197456	0.49197456	0.49197456
chr9_97287490_G_A_b38	ENSG00000197816.13	0	0.49236354	0.49236354	0.49236354	0.49236354
chr9_97285546_A_G_b38	ENSG00000197816.13	0	0.49198982	0.49198982	0.49198982	0.49198982
chr8_143574807_G_C_b38	ENSG00000204839.8	1	0.49198982	0.49198982	0.49198982	0.49198982
chr8_143570111_T_A_b38	ENSG00000204839.8	0	0.4920356	0.4920356	0.4920356	0.4920356
chr9_41270767_T_C_b38	ENSG00000215126.10	1	0.49235594	0.49235594	0.49235594	0.49235594
chr9_41063048_T_G_b38	ENSG00000215126.10	1	0.49192882	0.49192882	0.49192882	0.49192882
chr9_41140990_AG_A_b38	ENSG00000215126.10	0	0.49192882	0.49192882	0.49192882	0.49192882
chr9_8858303_C_G_b38	ENSG00000225706.1	1	0.49211186	0.49211186	0.49211186	0.49211186
chr9_8872991_A_G_b38	ENSG00000225706.1	0	0.49198982	0.49198982	0.49198982	0.49198982
chr9_8873179_A_G_b38	ENSG00000225706.1	0	0.49238643	0.49238643	0.49238643	0.49238643
chr9_8873348_G_A_b38	ENSG00000225706.1	0	0.49198982	0.49198982	0.49198982	0.49198982
chr7_22859490_T_C_b38	ENSG00000226329.2	1	0.4920356	0.4920356	0.4920356	0.4920356
chr7_22854176_C_G_b38	ENSG00000226329.2	1	0.4922263	0.4922263	0.4922263	0.4922263
chr9_120843433_CGAAGGCGTGAGTAATA_C_b38	ENSG00000226752.9	1	0.49240172	0.49240172	0.49240172	0.49240172
chr9_120848469_C_T_b38	ENSG00000226752.9	1	0.49197456	0.49197456	0.49197456	0.49197456
chr9_120818929_A_G_b38	ENSG00000226752.9	0	0.49035385	0.49035385	0.49035385	0.49035385
chr9_120843744_C_T_b38	ENSG00000226752.9	0	0.49202034	0.49202034	0.49202034	0.49202034
chr9_120772365_C_T_b38	ENSG00000226752.9	0	0.49196693	0.49196693	0.49196693	0.49196693
chr8_12384013_G_T_b38	ENSG00000227888.4	1	0.49194404	0.49194404	0.49194404	0.49194404
chr8_12178438_G_A_b38	ENSG00000227888.4	1	0.49242458	0.49242458	0.49242458	0.49242458
chr7_144181613_C_G_b38	ENSG00000228960.5	1	0.49192882	0.49192882	0.49192882	0.49192882
chr7_1591619_TTC_T_b38	ENSG00000230487.7	0	0.491761	0.491761	0.491761	0.491761
chr7_102474053_CAATCACCAACAAGGGACGTAGAA_C_b38	ENSG00000233297.4	1	0.49193645	0.49193645	0.49193645	0.49193645
chr7_65052783_G_A_b38	ENSG00000234585.6	1	0.49192882	0.49192882	0.49192882	0.49192882
chr7_64989251_A_G_b38	ENSG00000234585.6	1	0.49192882	0.49192882	0.49192882	0.49192882
chr7_65052782_C_T_b38	ENSG00000234585.6	0	0.49192882	0.49192882	0.49192882	0.49192882
chr9_40050741_A_C_b38	ENSG00000237846.1	1	0.49197456	0.49197456	0.49197456	0.49197456
chr9_40114871_T_G_b38	ENSG00000237846.1	0	0.49221864	0.49221864	0.49221864	0.49221864
chr9_40095891_A_C_b38	ENSG00000237846.1	0	0.4919136	0.4919136	0.4919136	0.4919136
chr9_40095745_G_A_b38	ENSG00000237846.1	0	0.4919136	0.4919136	0.4919136	0.4919136
chr9_136546871_T_C_b38	ENSG00000237886.1	1	0.4919136	0.4919136	0.4919136	0.4919136
chr7_30752045_T_C_b38	ENSG00000241644.2	1	0.49200508	0.49200508	0.49200508	0.49200508
chr7_30756657_T_C_b38	ENSG00000241644.2	1	0.49238643	0.49238643	0.49238643	0.49238643
chr7_128641202_G_A_b38	ENSG00000243679.1	1	0.49188304	0.49188304	0.49188304	0.49188304
chr7_128671538_G_A_b38	ENSG00000243679.1	1	0.49244747	0.49244747	0.49244747	0.49244747
chr11_324170_A_G_b38	ENSG00000251661.3	1	0.49183726	0.49183726	0.49183726	0.49183726
chr11_325249_A_G_b38	ENSG00000251661.3	1	0.49182203	0.49182203	0.49182203	0.49182203
chr11_117205848_A_G_b38	ENSG00000254851.1	1	0.4923712	0.4923712	0.4923712	0.4923712
chr11_117214494_A_C_b38	ENSG00000254851.1	1	0.49198982	0.49198982	0.49198982	0.49198982
chr11_117226504_T_G_b38	ENSG00000254851.1	1	0.49198982	0.49198982	0.49198982	0.49198982
chr8_12208412_G_A_b38	ENSG00000255495.1	1	0.49196693	0.49196693	0.49196693	0.49196693
chr8_12148057_A_T_b38	ENSG00000255495.1	1	0.4920356	0.4920356	0.4920356	0.4920356
chr8_12345796_A_G_b38	ENSG00000255495.1	1	0.49198982	0.49198982	0.49198982	0.49198982
chr8_12375616_CGAGA_C_b38	ENSG00000255495.1	0	0.49238643	0.49238643	0.49238643	0.49238643
chr8_143878548_CGCGGG_C_b38	ENSG00000261150.2	1	0.4917915	0.4917915	0.4917915	0.4917915
chr8_143876547_T_C_b38	ENSG00000261150.2	1	0.4917915	0.4917915	0.4917915	0.4917915
chr8_143853581_G_C_b38	ENSG00000261150.2	1	0.49186015	0.49186015	0.49186015	0.49186015
chr7_74878823_T_C_b38	ENSG00000277072.4	1	0.49205086	0.49205086	0.49205086	0.49205086
chr7_74857102_G_A_b38	ENSG00000277072.4	1	0.49198982	0.49198982	0.49198982	0.49198982
chr7_74864850_T_C_b38	ENSG00000277072.4	0	0.49196693	0.49196693	0.49196693	0.49196693
chr11_117202247_T_C_b38	ENSG00000280143.1	1	0.49121186	0.49121186	0.49121186	0.49121186
chr11_117172942_A_G_b38	ENSG00000280143.1	1	0.49192882	0.49192882	0.49192882	0.49192882
chr11_117185343_C_T_b38	ENSG00000280143.1	0	0.49194404	0.49194404	0.49194404	0.49194404
chr11_117209924_C_G_b38	ENSG00000280143.1	0	0.49214238	0.49214238	0.49214238	0.49214238
chr7_128671538_G_A_b38	ENSG00000281490.1	1	0.49249324	0.49249324	0.49249324	0.49249324
chr7_128641202_G_A_b38	ENSG00000281490.1	1	0.49188304	0.49188304	0.49188304	0.49188304
chr7_128648309_G_C_b38	ENSG00000281490.1	0	0.49182203	0.49182203	0.49182203	0.49182203
chr7_144361188_C_T_b38	ENSG00000050327.14	1	0.49198982	0.49198982	0.49198982	0.49198982
chr7_144056900_T_C_b38	ENSG00000050327.14	1	0.49192882	0.49192882	0.49192882	0.49192882
chr7_144172128_T_A_b38	ENSG00000050327.14	0	0.49192882	0.49192882	0.49192882	0.49192882
chr8_143234723_T_C_b38	ENSG00000104518.10	0	0.49192882	0.49192882	0.49192882	0.49192882
chr7_24757074_C_G_b38	ENSG00000105928.13	1	0.49221864	0.49221864	0.49221864	0.49221864
chr7_24742173_A_G_b38	ENSG00000105928.13	1	0.4923712	0.4923712	0.4923712	0.4923712
chr7_44108973_CTGAG_C_b38	ENSG00000106624.10	1	0.49220338	0.49220338	0.49220338	0.49220338
chr11_20364060_G_A_b38	ENSG00000109854.13	1	0.49217287	0.49217287	0.49217287	0.49217287
chr11_20363104_G_A_b38	ENSG00000109854.13	0	0.49105167	0.49105167	0.49105167	0.49105167
chr7_5907014_C_A_b38	ENSG00000122674.11	0	0.49194404	0.49194404	0.49194404	0.49194404
chr13_99598629_A_G_b38	ENSG00000125246.15	1	0.49117753	0.49117753	0.49117753	0.49117753
chr13_99866380_C_T_b38	ENSG00000125246.15	1	0.49238643	0.49238643	0.49238643	0.49238643
chr7_77532312_G_T_b38	ENSG00000127947.15	1	0.49208137	0.49208137	0.49208137	0.49208137
chr7_77531816_C_T_b38	ENSG00000127947.15	1	0.49205086	0.49205086	0.49205086	0.49205086
chr7_128742457_T_G_b38	ENSG00000128595.16	1	0.49086863	0.49086863	0.49047205	0.49086863
chr7_128748594_G_A_b38	ENSG00000128595.16	1	0.49044153	0.49044153	0.49044153	0.49044153
chr11_119026552_C_T_b38	ENSG00000137700.17	1	0.49197456	0.49197456	0.49197456	0.49197456
chr11_118975645_C_T_b38	ENSG00000137700.17	0	0.4919517	0.4919517	0.4919517	0.4919517
chr11_118955335_T_C_b38	ENSG00000137700.17	0	0.4919517	0.4919517	0.4919517	0.4919517
chr7_76638853_A_G_b38	ENSG00000146707.14	1	0.49192882	0.49192882	0.49192882	0.49192882
chr7_76935399_G_C_b38	ENSG00000146707.14	1	0.49192882	0.49192882	0.49192882	0.49192882
chr7_76626123_G_A_b38	ENSG00000146707.14	0	0.49081528	0.49081528	0.49081528	0.49081528
chr7_76625744_T_C_b38	ENSG00000146707.14	0	0.49081528	0.49081528	0.49081528	0.49081528
chr7_76624708_G_T_b38	ENSG00000146707.14	0	0.49061695	0.49061695	0.49061695	0.49061695
chr7_76623264_G_T_b38	ENSG00000146707.14	0	0.49033478	0.49033478	0.49033478	0.49033478
chr7_76620975_T_G_b38	ENSG00000146707.14	0	0.49041864	0.49041864	0.49041864	0.49041864
chr8_144431423_A_G_b38	ENSG00000147804.9	0	0.49190593	0.49190593	0.49190593	0.49190593
chr8_143575430_G_A_b38	ENSG00000147813.15	1	0.49263817	0.49263817	0.49263817	0.49263817
chr8_143582424_C_T_b38	ENSG00000147813.15	1	0.4922568	0.4922568	0.4922568	0.4922568
chr9_4758972_G_A_b38	ENSG00000147853.16	1	0.49109364	0.49109364	0.49109364	0.49109364
chr13_21501408_A_G_b38	ENSG00000165487.13	1	0.49200508	0.49200508	0.49200508	0.49200508
chr13_21848085_A_G_b38	ENSG00000165487.13	1	0.49192882	0.49192882	0.49192882	0.49192882
chr7_102626640_G_A_b38	ENSG00000168255.19	1	0.49202034	0.49202034	0.49202034	0.49202034
chr7_102526321_C_T_b38	ENSG00000168255.19	0	0.4919212	0.4919212	0.4919212	0.4919212
chr7_144282989_AG_A_b38	ENSG00000170356.8	1	0.49238643	0.49238643	0.49238643	0.49238643
chr11_6322015_G_C_b38	ENSG00000170955.9	0	0.49112794	0.49112794	0.49112794	0.49112794
chr7_149874377_A_G_b38	ENSG00000171130.17	1	0.49220338	0.49220338	0.49220338	0.49220338
chr7_149881860_C_T_b38	ENSG00000171130.17	1	0.49207374	0.49207374	0.49207374	0.49207374
chr7_149878795_T_C_b38	ENSG00000171130.17	0	0.49214238	0.49214238	0.49214238	0.49214238
chr7_149814814_C_T_b38	ENSG00000171130.17	0	0.49200508	0.49200508	0.49200508	0.49200508
chr9_178015_T_TATC_b38	ENSG00000172785.18	0	0.49083814	0.49083814	0.49083814	0.49083814
chr9_95887764_A_G_b38	ENSG00000175611.11	1	0.4911813	0.4911813	0.4911813	0.4911813
chr9_95809412_C_T_b38	ENSG00000175611.11	1	0.49192882	0.49192882	0.49192882	0.49192882
chr9_95915202_C_A_b38	ENSG00000175611.11	0	0.49238643	0.49238643	0.49238643	0.49238643
chr9_95922634_C_T_b38	ENSG00000175611.11	0	0.49200508	0.49200508	0.49200508	0.49200508
chr11_247200_G_T_b38	ENSG00000177951.17	1	0.49192882	0.49192882	0.49192882	0.49192882
chr11_208235_G_A_b38	ENSG00000177951.17	0	0.49220338	0.49220338	0.49220338	0.49220338
chr11_205889_T_C_b38	ENSG00000177951.17	0	0.49220338	0.49220338	0.49220338	0.49220338
chr11_205021_C_G_b38	ENSG00000177951.17	0	0.49220338	0.49220338	0.49220338	0.49220338
chr11_197337_G_A_b38	ENSG00000177951.17	0	0.4920966	0.4920966	0.4920966	0.4920966
chr11_108559510_G_A_b38	ENSG00000178202.12	1	0.4919517	0.4919517	0.4919517	0.4919517
chr7_1160136_G_C_b38	ENSG00000178381.11	1	0.49090675	0.49090675	0.49090675	0.49090675
chr7_1502488_G_A_b38	ENSG00000178381.11	0	0.49232543	0.49232543	0.49232543	0.49232543
chr11_231758_G_A_b38	ENSG00000185201.16	0	0.49232543	0.49232543	0.49232543	0.49232543
chr13_27666691_A_G_b38	ENSG00000186184.16	1	0.49232543	0.49232543	0.49232543	0.49232543
chr11_3384992_C_G_b38	ENSG00000189398.5	1	0.4908763	0.4908763	0.4908763	0.4908763
chr11_3381073_G_C_b38	ENSG00000189398.5	1	0.49084574	0.49084574	0.49084574	0.49084574
chr11_3369681_G_C_b38	ENSG00000189398.5	0	0.49115083	0.49115083	0.49115083	0.49115083
chr9_97311866_A_G_b38	ENSG00000197816.13	0	0.49282888	0.49282888	0.49282888	0.49282888
chr9_97312377_CT_C_b38	ENSG00000197816.13	0	0.49285936	0.49285936	0.49285936	0.49285936
chr9_97315217_G_A_b38	ENSG00000197816.13	0	0.49208897	0.49208897	0.49208897	0.49208897
chr9_97327861_G_A_b38	ENSG00000197816.13	0	0.4920585	0.4920585	0.4920585	0.4920585
chr9_97277454_C_G_b38	ENSG00000197816.13	0	0.49200508	0.49200508	0.49200508	0.49200508
chr9_97348202_C_T_b38	ENSG00000197816.13	0	0.49240172	0.49240172	0.49240172	0.49240172
chr9_97352727_C_T_b38	ENSG00000197816.13	0	0.49238643	0.49238643	0.49238643	0.49238643
chr9_97225996_G_A_b38	ENSG00000197816.13	0	0.49200508	0.49200508	0.49200508	0.49200508
chr9_97220981_C_G_b38	ENSG00000197816.13	0	0.49200508	0.49200508	0.49200508	0.49200508
chr9_97220937_C_G_b38	ENSG00000197816.13	0	0.49200508	0.49200508	0.49200508	0.49200508
chr7_76625715_A_G_b38	ENSG00000205485.13	1	0.49238643	0.49238643	0.49238643	0.49238643
chr13_24570920_T_C_b38	ENSG00000205822.10	1	0.49200508	0.49200508	0.49200508	0.49200508
chr13_24573779_T_C_b38	ENSG00000205822.10	1	0.49238643	0.49238643	0.49238643	0.49238643
chr13_24605603_T_A_b38	ENSG00000205822.10	0	0.49200508	0.49200508	0.49200508	0.49200508
chr7_144011194_A_C_b38	ENSG00000228960.5	0	0.49192882	0.49192882	0.49192882	0.49192882
chr7_128655439_G_A_b38	ENSG00000230715.3	0	0.49246272	0.49246272	0.49246272	0.49246272
chr7_128647988_T_C_b38	ENSG00000230715.3	0	0.49061695	0.49061695	0.49061695	0.49061695
chr7_128663831_TTAA_T_b38	ENSG00000230715.3	0	0.49205086	0.49205086	0.49205086	0.49205086
chr7_128626573_G_T_b38	ENSG00000230715.3	0	0.49183726	0.49183726	0.49183726	0.49183726
chr7_128624244_C_G_b38	ENSG00000230715.3	0	0.4922339	0.4922339	0.4922339	0.4922339
chr7_128685301_C_G_b38	ENSG00000230715.3	0	0.4920356	0.4920356	0.4920356	0.4920356
chr7_128688261_C_T_b38	ENSG00000230715.3	0	0.49240932	0.49240932	0.49240932	0.49240932
chr7_128613043_G_A_b38	ENSG00000230715.3	0	0.4919136	0.4919136	0.4919136	0.4919136
chr7_128588606_A_G_b38	ENSG00000230715.3	0	0.4919822	0.4919822	0.4919822	0.4919822
chr7_128723594_C_T_b38	ENSG00000230715.3	0	0.49200508	0.49200508	0.49200508	0.49200508
chr7_128545085_A_G_b38	ENSG00000230715.3	0	0.4923712	0.4923712	0.4923712	0.4923712
chr7_128671538_G_A_b38	ENSG00000243302.3	1	0.49237883	0.49237883	0.49237883	0.49237883
chr7_128652654_C_T_b38	ENSG00000243302.3	0	0.49240172	0.49240172	0.49240172	0.49240172
chr7_128652782_G_A_b38	ENSG00000243302.3	0	0.49240172	0.49240172	0.49240172	0.49240172
chr7_128707459_G_A_b38	ENSG00000243302.3	0	0.49232543	0.49232543	0.49232543	0.49232543
chr7_128507785_G_A_b38	ENSG00000243302.3	0	0.49197456	0.49197456	0.49197456	0.49197456
chr8_8682232_G_C_b38	ENSG00000253958.1	1	0.49233305	0.49233305	0.49233305	0.49233305
chr8_8701891_C_G_b38	ENSG00000253958.1	0	0.49263817	0.49263817	0.49263817	0.49263817
chr8_8705155_C_A_b38	ENSG00000253958.1	0	0.4926305	0.4926305	0.4926305	0.4926305
chr8_8705263_G_A_b38	ENSG00000253958.1	0	0.49207374	0.49207374	0.49207374	0.49207374
chr8_8705393_C_T_b38	ENSG00000253958.1	0	0.49207374	0.49207374	0.49207374	0.49207374
chr8_8705464_T_C_b38	ENSG00000253958.1	0	0.49178767	0.49178767	0.49178767	0.49178767
chr8_8705485_G_T_b38	ENSG00000253958.1	0	0.49207374	0.49207374	0.49207374	0.49207374
chr8_8706385_G_A_b38	ENSG00000253958.1	0	0.49176866	0.49176866	0.49176866	0.49176866
chr8_8706831_G_A_b38	ENSG00000253958.1	0	0.49257714	0.49257714	0.49257714	0.49257714
chr8_8707060_T_G_b38	ENSG00000253958.1	0	0.49173433	0.49173433	0.49173433	0.49173433
chr8_8708183_CA_C_b38	ENSG00000253958.1	0	0.49045298	0.49045298	0.49045298	0.49045298
chr8_8708879_G_A_b38	ENSG00000253958.1	0	0.49038053	0.49038053	0.49038053	0.49038053
chr8_8709175_G_A_b38	ENSG00000253958.1	0	0.490392	0.490392	0.490392	0.490392
chr8_11480378_T_C_b38	ENSG00000255518.1	1	0.4919593	0.4919593	0.4919593	0.4919593
chr8_11480302_C_CG_b38	ENSG00000255518.1	1	0.49235594	0.49235594	0.49235594	0.49235594
chr8_11480378_T_C_b38	ENSG00000269954.1	1	0.49197456	0.49197456	0.49197456	0.49197456
chr8_11480302_C_CG_b38	ENSG00000269954.1	1	0.49235594	0.49235594	0.49235594	0.49235594
chr7_87475860_G_C_b38	ENSG00000005471.15	1	0.49185252	0.49185252	0.49185252	0.49185252
chr7_87361179_C_A_b38	ENSG00000005471.15	1	0.49192882	0.49192882	0.49192882	0.49192882
chr11_17476510_G_A_b38	ENSG00000006071.12	1	0.4919822	0.4919822	0.4919822	0.4919822
chr11_17467746_T_C_b38	ENSG00000006071.12	0	0.49185252	0.49185252	0.49185252	0.49185252
chr11_17467732_C_T_b38	ENSG00000006071.12	0	0.49194404	0.49194404	0.49190593	0.49190593
chr11_17467720_T_C_b38	ENSG00000006071.12	0	0.49190593	0.49190593	0.49190593	0.49190593
chr11_17467156_C_T_b38	ENSG00000006071.12	0	0.4919212	0.4919212	0.4919212	0.4919212
chr11_17453736_G_A_b38	ENSG00000006071.12	0	0.49194404	0.49194404	0.49194404	0.49194404
chr11_17451875_T_C_b38	ENSG00000006071.12	0	0.49189067	0.49189067	0.49189067	0.49189067
chr11_32091022_A_C_b38	ENSG00000049449.8	1	0.49197456	0.49197456	0.49197456	0.49197456
chr11_32091511_A_G_b38	ENSG00000049449.8	1	0.49197456	0.49197456	0.49197456	0.49197456
chr11_32080228_C_T_b38	ENSG00000049449.8	0	0.49197456	0.49197456	0.49197456	0.49197456
chr7_102497055_C_A_b38	ENSG00000105808.17	1	0.49238643	0.49238643	0.49238643	0.49238643
chr7_102471489_G_A_b38	ENSG00000105808.17	1	0.49198982	0.49198982	0.49198982	0.49198982
chr7_102468239_T_C_b38	ENSG00000105808.17	0	0.49238643	0.49238643	0.49238643	0.49238643
chr7_150323206_A_G_b38	ENSG00000106526.10	1	0.49202797	0.49202797	0.49202797	0.49202797
chr11_78191779_A_G_b38	ENSG00000118369.12	1	0.49194404	0.49194404	0.49194404	0.49194404
chr11_78216055_A_G_b38	ENSG00000118369.12	1	0.49229494	0.49229494	0.49229494	0.49229494
chr11_78257628_A_C_b38	ENSG00000118369.12	0	0.4919136	0.4919136	0.4919136	0.4919136
chr11_78263363_GTCAC_G_b38	ENSG00000118369.12	0	0.4919136	0.4919136	0.4919136	0.4919136
chr11_78266305_C_T_b38	ENSG00000118369.12	0	0.4919136	0.4919136	0.4919136	0.4919136
chr7_5913144_T_A_b38	ENSG00000122674.11	1	0.49199745	0.49199745	0.49199745	0.49199745
chr7_5924594_G_A_b38	ENSG00000122674.11	1	0.49196693	0.49196693	0.49196693	0.49196693
chr7_5903331_T_C_b38	ENSG00000122674.11	0	0.49213475	0.49213475	0.49213475	0.49213475
chr9_133738370_C_G_b38	ENSG00000123453.17	1	0.4919136	0.4919136	0.4919136	0.4919136
chr9_133737936_C_T_b38	ENSG00000123453.17	1	0.4919136	0.4919136	0.4919136	0.4919136
chr13_95314726_G_A_b38	ENSG00000125257.13	1	0.49196693	0.49196693	0.49196693	0.49196693
chr13_95261421_C_G_b38	ENSG00000125257.13	1	0.49197456	0.49197456	0.49197456	0.49197456
chr13_95272289_A_ACCTGC_b38	ENSG00000125257.13	0	0.49200508	0.49200508	0.49200508	0.49200508
chr13_95269280_TACA_T_b38	ENSG00000125257.13	0	0.49194404	0.49194404	0.49194404	0.49194404
chr13_95269134_C_T_b38	ENSG00000125257.13	0	0.49200508	0.49200508	0.49200508	0.49200508
chr7_150323206_A_G_b38	ENSG00000127399.14	1	0.4919593	0.4919593	0.4919593	0.4919593
chr7_150537453_G_A_b38	ENSG00000127399.14	0	0.49192882	0.49192882	0.49192882	0.49192882
chr11_6498785_G_T_b38	ENSG00000132275.10	0	0.49200508	0.49200508	0.49200508	0.49200508
chr11_6530877_C_T_b38	ENSG00000132275.10	0	0.49238643	0.49238643	0.49238643	0.49238643
chr9_38397358_G_C_b38	ENSG00000137124.7	1	0.49206612	0.49206612	0.49206612	0.49206612
chr9_38381311_G_T_b38	ENSG00000137124.7	1	0.49197456	0.49197456	0.49197456	0.49197456
chr9_38378873_G_A_b38	ENSG00000137124.7	0	0.49198982	0.49198982	0.49198982	0.49198982
chr7_1026110_A_G_b38	ENSG00000146540.14	1	0.49192882	0.49192882	0.49192882	0.49192882
chr7_997746_GC_G_b38	ENSG00000146540.14	1	0.49197456	0.49197456	0.49197456	0.49197456
chr7_6845133_A_C_b38	ENSG00000146574.15	1	0.49198982	0.49198982	0.49198982	0.49198982
chr7_6547249_G_A_b38	ENSG00000146574.15	1	0.49235594	0.49235594	0.49235594	0.49235594
chr7_6832942_G_T_b38	ENSG00000146574.15	0	0.4920356	0.4920356	0.4920356	0.4920356
chr9_4739681_G_C_b38	ENSG00000147853.16	1	0.49109742	0.49109742	0.49109742	0.49109742
chr9_4674406_A_T_b38	ENSG00000147853.16	0	0.49235594	0.49235594	0.49235594	0.49235594
chr9_41975088_T_G_b38	ENSG00000154529.14	1	0.49197456	0.49197456	0.49197456	0.49197456
chr9_42157006_T_G_b38	ENSG00000154529.14	0	0.49238643	0.49238643	0.49238643	0.49238643
chr8_22094694_C_T_b38	ENSG00000158856.17	1	0.49240932	0.49240932	0.49240932	0.49240932
chr8_22046701_T_C_b38	ENSG00000158856.17	0	0.49188304	0.49188304	0.49188304	0.49188304
chr7_128501811_T_C_b38	ENSG00000165055.15	1	0.49200508	0.49200508	0.49200508	0.49200508
chr7_128476956_G_GCCGGCCACGAGTCAAGCTGCCCTAC_b38	ENSG00000165055.15	0	0.49310347	0.49310347	0.49310347	0.49310347
chr7_128477717_A_T_b38	ENSG00000165055.15	0	0.49310347	0.49310347	0.49310347	0.49310347
chr7_128479886_C_T_b38	ENSG00000165055.15	0	0.49285173	0.49285173	0.49285173	0.49285173
chr7_128473380_C_A_b38	ENSG00000165055.15	0	0.49084574	0.49084574	0.49084574	0.49084574
chr7_128482289_G_T_b38	ENSG00000165055.15	0	0.49229494	0.49229494	0.49229494	0.49229494
chr7_128469861_G_C_b38	ENSG00000165055.15	0	0.49022037	0.49022037	0.49022037	0.49022037
chr7_128488232_AG_A_b38	ENSG00000165055.15	0	0.4918754	0.4918754	0.4918754	0.4918754
chr7_128462564_T_C_b38	ENSG00000165055.15	0	0.49035767	0.49035767	0.49035767	0.49035767
chr7_128460654_C_T_b38	ENSG00000165055.15	0	0.49035767	0.49035767	0.49035767	0.49035767
chr7_128442180_A_C_b38	ENSG00000165055.15	0	0.49188304	0.49188304	0.49188304	0.49188304
chr7_128519700_G_A_b38	ENSG00000165055.15	0	0.49202797	0.49202797	0.49202797	0.49202797
chr11_8201699_C_T_b38	ENSG00000166405.14	1	0.49192882	0.49192882	0.49192882	0.49192882
chr11_8206451_C_T_b38	ENSG00000166405.14	1	0.49232543	0.49232543	0.49232543	0.49232543
chr11_8168510_C_A_b38	ENSG00000166405.14	0	0.491761	0.491761	0.491761	0.491761
chr11_8166042_G_C_b38	ENSG00000166405.14	0	0.49182203	0.49182203	0.49182203	0.49182203
chr11_8172254_C_T_b38	ENSG00000166405.14	0	0.49174574	0.49174574	0.49174574	0.49174574
chr11_8174073_T_G_b38	ENSG00000166405.14	0	0.49194404	0.49194404	0.49194404	0.49194404
chr11_8163424_G_T_b38	ENSG00000166405.14	0	0.49174574	0.49174574	0.49174574	0.49174574
chr11_8159728_T_C_b38	ENSG00000166405.14	0	0.49188304	0.49188304	0.49188304	0.49188304
chr11_8155027_T_C_b38	ENSG00000166405.14	0	0.49192882	0.49192882	0.49192882	0.49192882
chr11_8144216_A_AG_b38	ENSG00000166405.14	0	0.49197456	0.49197456	0.49197456	0.49197456
chr11_8138950_T_C_b38	ENSG00000166405.14	0	0.49197456	0.49197456	0.49197456	0.49197456
chr11_8138345_G_T_b38	ENSG00000166405.14	0	0.49200508	0.49200508	0.49200508	0.49200508
chr11_8122338_T_C_b38	ENSG00000166405.14	0	0.49200508	0.49200508	0.49200508	0.49200508
chr11_8120525_C_T_b38	ENSG00000166405.14	0	0.49192882	0.49192882	0.49192882	0.49192882
chr11_8117585_G_C_b38	ENSG00000166405.14	0	0.49200508	0.49200508	0.49200508	0.49200508
chr11_8112186_A_T_b38	ENSG00000166405.14	0	0.49192882	0.49192882	0.49192882	0.49192882
chr7_102565644_C_T_b38	ENSG00000168255.19	0	0.4920966	0.4920966	0.4920966	0.4920966
chr11_129895558_A_G_b38	ENSG00000170322.14	1	0.49249324	0.49249324	0.49249324	0.49249324
chr11_129855091_C_T_b38	ENSG00000170322.14	1	0.49202034	0.49202034	0.49202034	0.49202034
chr11_129868094_T_C_b38	ENSG00000170322.14	0	0.49235594	0.49235594	0.49235594	0.49235594
chr11_129846066_G_A_b38	ENSG00000170322.14	0	0.4920356	0.4920356	0.4920356	0.4920356
chr7_102534023_T_C_b38	ENSG00000170667.14	1	0.49182203	0.49182203	0.49182203	0.49182203
chr7_102472779_C_T_b38	ENSG00000170667.14	1	0.49247795	0.49247795	0.49247795	0.49247795
chr7_102469972_C_G_b38	ENSG00000170667.14	0	0.49207374	0.49207374	0.49207374	0.49207374
chr11_6351291_C_CTAAA_b38	ENSG00000170955.9	1	0.49235594	0.49235594	0.49235594	0.49235594
chr11_6436863_G_A_b38	ENSG00000170955.9	1	0.49197456	0.49197456	0.49197456	0.49197456
chr11_63611877_G_A_b38	ENSG00000176485.11	1	0.49186778	0.49186778	0.49186778	0.49186778
chr11_63609847_G_C_b38	ENSG00000176485.11	1	0.49188304	0.49188304	0.49188304	0.49188304
chr11_63614504_C_A_b38	ENSG00000176485.11	0	0.49198982	0.49198982	0.49198982	0.49198982
chr11_63608018_C_G_b38	ENSG00000176485.11	0	0.49186015	0.49186015	0.49186015	0.49186015
chr11_827317_G_A_b38	ENSG00000177685.16	1	0.49103642	0.49103642	0.49103642	0.49103642
chr11_827713_A_T_b38	ENSG00000177685.16	1	0.49103642	0.49103642	0.49103642	0.49103642
chr9_215086_A_C_b38	ENSG00000183784.6	1	0.491925	0.491925	0.491925	0.491925
chr11_298224_C_T_b38	ENSG00000185201.16	0	0.49202797	0.49202797	0.49202797	0.49202797
chr9_35724451_G_A_b38	ENSG00000196196.2	1	0.49192882	0.49192882	0.49192882	0.49192882
chr9_35909425_T_C_b38	ENSG00000196196.2	0	0.49058646	0.49058646	0.49058646	0.49058646
chr9_137604000_C_T_b38	ENSG00000197070.13	0	0.49205086	0.49205086	0.49205086	0.49205086
chr9_137624086_G_A_b38	ENSG00000197070.13	0	0.49242458	0.49242458	0.49242458	0.49242458
chr9_97188608_C_T_b38	ENSG00000197816.13	0	0.49238643	0.49238643	0.49238643	0.49238643
chr9_111638893_C_T_b38	ENSG00000204173.10	1	0.49194404	0.49194404	0.49194404	0.49194404
chr9_111623650_A_G_b38	ENSG00000204173.10	1	0.49234068	0.49234068	0.49234068	0.49234068
chr9_111633292_G_A_b38	ENSG00000204173.10	0	0.49227965	0.49227965	0.49227965	0.49227965
chr7_27104535_GT_G_b38	ENSG00000233429.9	0	0.4912576	0.4912576	0.4912576	0.4912576
chr11_83073274_C_T_b38	ENSG00000246067.7	1	0.4923483	0.4923483	0.4923483	0.4923483
chr7_102567480_C_CA_b38	ENSG00000267368.1	1	0.4920585	0.4920585	0.4920585	0.4920585
chr7_102526321_C_T_b38	ENSG00000267368.1	1	0.49198982	0.49198982	0.49198982	0.49198982
chr7_102832716_A_G_b38	ENSG00000267368.1	1	0.49192882	0.49192882	0.49192882	0.49192882
chr7_102567320_AGATTGATT_A_b38	ENSG00000267368.1	0	0.4920585	0.4920585	0.4920585	0.4920585
chr7_102472779_C_T_b38	ENSG00000267368.1	0	0.49240172	0.49240172	0.49240172	0.49240172
chr7_102672647_A_G_b38	ENSG00000279168.2	1	0.49243984	0.49243984	0.49243984	0.49243984
chr7_102497055_C_A_b38	ENSG00000279168.2	1	0.49238643	0.49238643	0.49238643	0.49238643
chr11_17420913_T_A_b38	ENSG00000006071.12	0	0.49200508	0.49200508	0.49200508	0.49200508
chr11_17414724_G_A_b38	ENSG00000006071.12	0	0.49200508	0.49200508	0.49200508	0.49200508
chr11_17409814_G_A_b38	ENSG00000006071.12	0	0.49200508	0.49200508	0.49200508	0.49200508
chr13_23870418_T_C_b38	ENSG00000027001.9	1	0.49240172	0.49240172	0.49240172	0.49240172
chr13_23856575_G_A_b38	ENSG00000027001.9	1	0.49238643	0.49238643	0.49238643	0.49238643
chr13_23896415_G_A_b38	ENSG00000027001.9	0	0.49227205	0.49227205	0.49227205	0.49227205
chr13_23898935_A_T_b38	ENSG00000027001.9	0	0.4919593	0.4919593	0.4919593	0.4919593
chr11_2351617_C_T_b38	ENSG00000064201.15	0	0.49233305	0.49233305	0.49233305	0.49233305
chr11_2360254_C_T_b38	ENSG00000064201.15	0	0.49234068	0.49234068	0.49234068	0.49234068
chr11_2360365_G_C_b38	ENSG00000064201.15	0	0.49234068	0.49234068	0.49234068	0.49234068
chr11_2361030_G_C_b38	ENSG00000064201.15	0	0.49194404	0.49194404	0.49194404	0.49194404
chr11_2363425_C_T_b38	ENSG00000064201.15	0	0.49234068	0.49234068	0.49234068	0.49234068
chr8_144399893_C_T_b38	ENSG00000071894.16	1	0.49217287	0.49217287	0.49217287	0.49217287
chr8_144397883_C_T_b38	ENSG00000071894.16	1	0.49211186	0.49211186	0.49211186	0.49211186
chr11_90085471_C_T_b38	ENSG00000077616.10	1	0.49232543	0.49232543	0.49232543	0.49232543
chr11_90231520_G_T_b38	ENSG00000077616.10	1	0.49200508	0.49200508	0.49200508	0.49200508
chr11_90132986_C_G_b38	ENSG00000077616.10	0	0.49028137	0.49028137	0.49028137	0.49028137
chr11_90133019_T_C_b38	ENSG00000077616.10	0	0.49028137	0.49028137	0.49028137	0.49028137
chr11_90133403_A_G_b38	ENSG00000077616.10	0	0.49028137	0.49028137	0.49028137	0.49028137
chr11_90133409_A_G_b38	ENSG00000077616.10	0	0.49028137	0.49028137	0.49028137	0.49028137
chr11_90133536_A_C_b38	ENSG00000077616.10	0	0.49028137	0.49028137	0.49028137	0.49028137
chr11_90133622_A_G_b38	ENSG00000077616.10	0	0.49028137	0.49028137	0.49028137	0.49028137
chr11_90134704_C_T_b38	ENSG00000077616.10	0	0.49198982	0.49198982	0.49198982	0.49198982
chr11_90135414_A_G_b38	ENSG00000077616.10	0	0.49198982	0.49198982	0.49198982	0.49198982
chr11_90135870_G_C_b38	ENSG00000077616.10	0	0.4920966	0.4920966	0.4920966	0.4920966
chr11_90137223_C_T_b38	ENSG00000077616.10	0	0.49246272	0.49246272	0.49246272	0.49246272
chr11_90137422_T_A_b38	ENSG00000077616.10	0	0.49246272	0.49246272	0.49246272	0.49246272
chr11_90137954_A_T_b38	ENSG00000077616.10	0	0.49246272	0.49246272	0.49246272	0.49246272
chr11_90139294_A_G_b38	ENSG00000077616.10	0	0.49241698	0.49241698	0.49241698	0.49241698
chr11_90140005_C_T_b38	ENSG00000077616.10	0	0.49202034	0.49202034	0.49202034	0.49202034
chr11_90140041_T_C_b38	ENSG00000077616.10	0	0.49202034	0.49202034	0.49202034	0.49202034
chr11_90140418_C_T_b38	ENSG00000077616.10	0	0.49202034	0.49202034	0.49202034	0.49202034
chr11_90140694_G_T_b38	ENSG00000077616.10	0	0.49202034	0.49202034	0.49202034	0.49202034
chr11_90142966_G_A_b38	ENSG00000077616.10	0	0.49199745	0.49199745	0.49199745	0.49199745
chr11_90143648_C_T_b38	ENSG00000077616.10	0	0.49199745	0.49199745	0.49199745	0.49199745
chr11_90143653_C_T_b38	ENSG00000077616.10	0	0.49199745	0.49199745	0.49199745	0.49199745
chr11_90147685_T_C_b38	ENSG00000077616.10	0	0.4920356	0.4920356	0.4920356	0.4920356
chr11_90147929_T_G_b38	ENSG00000077616.10	0	0.4920356	0.4920356	0.4920356	0.4920356
chr11_90148003_T_C_b38	ENSG00000077616.10	0	0.4920356	0.4920356	0.4920356	0.4920356
chr11_90150236_C_CAG_b38	ENSG00000077616.10	0	0.49240932	0.49240932	0.49240932	0.49240932
chr11_90151328_T_C_b38	ENSG00000077616.10	0	0.4920356	0.4920356	0.4920356	0.4920356
chr11_90156737_A_C_b38	ENSG00000077616.10	0	0.4920356	0.4920356	0.4920356	0.4920356
chr11_90159635_A_T_b38	ENSG00000077616.10	0	0.4920356	0.4920356	0.4920356	0.4920356
chr11_90159679_T_C_b38	ENSG00000077616.10	0	0.4920356	0.4920356	0.4920356	0.4920356
chr11_90165514_G_T_b38	ENSG00000077616.10	0	0.49200508	0.49200508	0.49200508	0.49200508
chr11_90166319_A_G_b38	ENSG00000077616.10	0	0.49200508	0.49200508	0.49200508	0.49200508
chr7_7739828_T_G_b38	ENSG00000106399.11	0	0.49235594	0.49235594	0.49235594	0.49235594
chr9_75092028_C_T_b38	ENSG00000106733.20	1	0.49227965	0.49227965	0.49227965	0.49227965
chr9_75092779_A_T_b38	ENSG00000106733.20	1	0.4923102	0.4923102	0.4923102	0.4923102
chr9_75069774_A_C_b38	ENSG00000106733.20	1	0.4920356	0.4920356	0.4920356	0.4920356
chr9_111599137_A_G_b38	ENSG00000106853.18	1	0.49368322	0.49368322	0.49368322	0.49368322
chr9_111572635_T_C_b38	ENSG00000106853.18	0	0.49192882	0.49192882	0.49192882	0.49192882
chr9_111517030_A_G_b38	ENSG00000106853.18	0	0.49192882	0.49192882	0.49192882	0.49192882
chr11_2902596_A_G_b38	ENSG00000110628.13	1	0.49115467	0.49115467	0.49115467	0.49115467
chr11_2922441_G_C_b38	ENSG00000110628.13	1	0.49194404	0.49194404	0.49194404	0.49194404
chr11_2301799_T_C_b38	ENSG00000110665.11	1	0.4918983	0.4918983	0.4918983	0.4918983
chr11_2277805_G_T_b38	ENSG00000110665.11	0	0.4919212	0.4919212	0.4919212	0.4919212
chr11_118565714_G_A_b38	ENSG00000118096.7	1	0.49079236	0.49079236	0.49079236	0.49079236
chr11_118560288_A_G_b38	ENSG00000118096.7	1	0.49083048	0.49083048	0.49083048	0.49083048
chr11_118573229_G_A_b38	ENSG00000118096.7	0	0.49038815	0.49038815	0.49038815	0.49038815
chr11_118568333_A_T_b38	ENSG00000118096.7	0	0.49070847	0.49070847	0.49070847	0.49070847
chr11_118579331_A_G_b38	ENSG00000118096.7	0	0.49038053	0.49038053	0.49038053	0.49038053
chr11_118582966_A_G_b38	ENSG00000118096.7	0	0.49033478	0.49033478	0.49033478	0.49033478
chr11_118583462_A_G_b38	ENSG00000118096.7	0	0.49033478	0.49033478	0.49033478	0.49033478
chr11_118590890_T_C_b38	ENSG00000118096.7	0	0.4919517	0.4919517	0.4919517	0.4919517
chr11_118538821_G_A_b38	ENSG00000118096.7	0	0.49200508	0.49200508	0.49200508	0.49200508
chr11_118538587_G_A_b38	ENSG00000118096.7	0	0.49200508	0.49200508	0.49200508	0.49200508
chr9_36132372_T_C_b38	ENSG00000122694.15	1	0.49202034	0.49202034	0.49202034	0.49202034
chr9_36141468_G_A_b38	ENSG00000122694.15	1	0.4920127	0.4920127	0.4920127	0.4920127
chr9_36153833_G_A_b38	ENSG00000122694.15	0	0.49196693	0.49196693	0.49196693	0.49196693
chr9_36113715_C_T_b38	ENSG00000122694.15	0	0.49200508	0.49200508	0.49200508	0.49200508
chr9_36160182_C_T_b38	ENSG00000122694.15	0	0.49196693	0.49196693	0.49196693	0.49196693
chr7_77539068_G_A_b38	ENSG00000127947.15	1	0.4933018	0.4933018	0.4933018	0.4933018
chr11_6601627_G_A_b38	ENSG00000132275.10	1	0.49138728	0.49138728	0.49138728	0.49138728
chr11_6592430_G_A_b38	ENSG00000132275.10	0	0.49104404	0.49104404	0.49104404	0.49104404
chr11_6526028_TTCC_T_b38	ENSG00000132275.10	0	0.49200508	0.49200508	0.49200508	0.49200508
chr11_129143494_G_A_b38	ENSG00000134909.18	1	0.49200508	0.49200508	0.49200508	0.49200508
chr11_129094530_T_C_b38	ENSG00000134909.18	1	0.49192882	0.49192882	0.49192882	0.49192882
chr7_116210621_C_T_b38	ENSG00000135269.17	1	0.49119657	0.49119657	0.49119657	0.49119657
chr13_110532920_A_G_b38	ENSG00000139832.4	1	0.49196693	0.49196693	0.49196693	0.49196693
chr13_110527449_C_T_b38	ENSG00000139832.4	1	0.4919822	0.4919822	0.4919822	0.4919822
chr9_133669572_A_C_b38	ENSG00000148290.9	0	0.49197456	0.49197456	0.49197456	0.49197456
chr11_124964668_T_C_b38	ENSG00000149548.14	0	0.49185252	0.49185252	0.49185252	0.49185252
chr11_124988405_A_G_b38	ENSG00000149548.14	0	0.49192882	0.49192882	0.49192882	0.49192882
chr11_86673473_TACTG_T_b38	ENSG00000151376.16	1	0.490922	0.490922	0.490922	0.490922
chr11_86541990_G_A_b38	ENSG00000151376.16	1	0.4923712	0.4923712	0.4923712	0.4923712
chr11_86642371_A_G_b38	ENSG00000151376.16	0	0.49232543	0.49232543	0.49232543	0.49232543
chr9_136326420_A_G_b38	ENSG00000160360.12	1	0.49250847	0.49250847	0.49250847	0.49250847
chr9_136351954_A_AGTGGCCGG_b38	ENSG00000160360.12	1	0.49185252	0.49185252	0.49185252	0.49185252
chr9_136329049_G_C_b38	ENSG00000160360.12	0	0.49227965	0.49227965	0.49227965	0.49227965
chr9_136333258_C_G_b38	ENSG00000160360.12	0	0.49235594	0.49235594	0.49235594	0.49235594
chr9_136336437_G_A_b38	ENSG00000160360.12	0	0.49235594	0.49235594	0.49235594	0.49235594
chr9_136345354_G_A_b38	ENSG00000160360.12	0	0.49185252	0.49185252	0.49185252	0.49185252
chr8_144428520_G_C_b38	ENSG00000160948.13	1	0.49174574	0.49174574	0.49174574	0.49174574
chr8_144312754_C_T_b38	ENSG00000160948.13	1	0.49232543	0.49232543	0.49232543	0.49232543
chr8_144428590_A_AC_b38	ENSG00000160948.13	0	0.49174574	0.49174574	0.49174574	0.49174574
chr8_144426505_G_A_b38	ENSG00000160948.13	0	0.49174574	0.49174574	0.49174574	0.49174574
chr11_8675680_C_T_b38	ENSG00000166436.15	1	0.49063984	0.49063984	0.49063984	0.49063984
chr11_8682426_G_GC_b38	ENSG00000166436.15	1	0.4922339	0.4922339	0.4922339	0.4922339
chr8_22142507_C_CCTT_b38	ENSG00000168476.11	1	0.49227205	0.49227205	0.49227205	0.49227205
chr8_22138298_ACATTGTGGGTGCATCCCTG_A_b38	ENSG00000168476.11	1	0.49234068	0.49234068	0.49234068	0.49234068
chr8_22097605_C_T_b38	ENSG00000168476.11	0	0.4919593	0.4919593	0.4919593	0.4919593
chr9_62885682_A_G_b38	ENSG00000170161.6	1	0.49098304	0.49098304	0.49098304	0.49098304
chr9_62840770_G_C_b38	ENSG00000170161.6	1	0.49192882	0.49192882	0.49192882	0.49192882
chr7_102518736_T_C_b38	ENSG00000170667.14	1	0.49220338	0.49220338	0.49220338	0.49220338
chr9_14665606_G_A_b38	ENSG00000175893.11	1	0.49238643	0.49238643	0.49238643	0.49238643
chr9_14658671_C_G_b38	ENSG00000175893.11	1	0.49232543	0.49232543	0.49232543	0.49232543
chr11_688091_C_T_b38	ENSG00000177042.14	1	0.49252373	0.49252373	0.49252373	0.49252373
chr9_6611631_G_C_b38	ENSG00000178445.9	1	0.49192882	0.49192882	0.49192882	0.49192882
chr9_6611609_G_T_b38	ENSG00000178445.9	1	0.49192882	0.49192882	0.49192882	0.49192882
chr9_6611425_A_G_b38	ENSG00000178445.9	1	0.49200508	0.49200508	0.49200508	0.49200508
chr8_143687527_G_A_b38	ENSG00000181135.15	1	0.49218813	0.49218813	0.49218813	0.49218813
chr8_143689981_TG_T_b38	ENSG00000181135.15	1	0.49200508	0.49200508	0.49200508	0.49200508
chr11_372784_G_A_b38	ENSG00000182272.11	1	0.49076188	0.49076188	0.49076188	0.49076188
chr11_391450_C_G_b38	ENSG00000182272.11	1	0.49205086	0.49205086	0.49205086	0.49205086
chr9_114117751_A_G_b38	ENSG00000196739.14	1	0.49227965	0.49227965	0.49227965	0.49227965
chr9_114117725_G_A_b38	ENSG00000196739.14	1	0.49227965	0.49227965	0.49227965	0.49227965
chr9_114152435_T_C_b38	ENSG00000196739.14	0	0.49207374	0.49207374	0.49207374	0.49207374
chr9_114227336_A_G_b38	ENSG00000196739.14	0	0.49235594	0.49235594	0.49235594	0.49235594
chr8_143582424_C_T_b38	ENSG00000204839.8	1	0.49216524	0.49216524	0.49216524	0.49216524
chr8_143560426_T_C_b38	ENSG00000204839.8	1	0.4918983	0.4918983	0.4918983	0.4918983
chr8_143510089_T_C_b38	ENSG00000204839.8	0	0.4917915	0.4917915	0.4917915	0.4917915
chr8_143500629_A_T_b38	ENSG00000204839.8	0	0.49194404	0.49194404	0.49194404	0.49194404
chr7_75422092_T_C_b38	ENSG00000205583.13	1	0.49234068	0.49234068	0.49234068	0.49234068
chr7_75564546_G_A_b38	ENSG00000205583.13	1	0.49197456	0.49197456	0.49197456	0.49197456
chr7_75429830_C_T_b38	ENSG00000205583.13	0	0.49236354	0.49236354	0.49236354	0.49236354
chr9_4673780_C_T_b38	ENSG00000205808.5	0	0.49036145	0.49036145	0.49036145	0.49036145
chr11_866920_T_G_b38	ENSG00000214063.10	1	0.49206612	0.49206612	0.49206612	0.49206612
chr9_127820895_A_G_b38	ENSG00000225032.5	1	0.49208137	0.49208137	0.49208137	0.49208137
chr9_127795217_A_G_b38	ENSG00000225032.5	1	0.49235594	0.49235594	0.49235594	0.49235594
chr9_127814318_A_C_b38	ENSG00000225032.5	0	0.49235594	0.49235594	0.49235594	0.49235594
chr9_127832583_C_G_b38	ENSG00000225032.5	0	0.4918983	0.4918983	0.4918983	0.4918983
chr9_127795459_G_A_b38	ENSG00000225032.5	0	0.4919517	0.4919517	0.4919517	0.4919517
chr9_127791157_C_T_b38	ENSG00000225032.5	0	0.49198982	0.49198982	0.49198982	0.49198982
chr9_127783671_G_A_b38	ENSG00000225032.5	0	0.49197456	0.49197456	0.49197456	0.49197456
chr9_62544301_C_T_b38	ENSG00000226007.2	1	0.49198982	0.49198982	0.49198982	0.49198982
chr13_51172291_A_C_b38	ENSG00000226792.7	1	0.49232543	0.49232543	0.49232543	0.49232543
chr13_51170316_G_A_b38	ENSG00000226792.7	1	0.49232543	0.49232543	0.49232543	0.49232543
chr13_51162924_C_T_b38	ENSG00000226792.7	0	0.49238643	0.49238643	0.49238643	0.49238643
chr8_12342321_A_G_b38	ENSG00000227888.4	1	0.49198982	0.49198982	0.49198982	0.49198982
chr8_12619265_G_T_b38	ENSG00000227888.4	0	0.49192882	0.49192882	0.49192882	0.49192882
chr7_22878869_C_T_b38	ENSG00000228649.8	1	0.4919212	0.4919212	0.4919212	0.4919212
chr7_23130140_C_T_b38	ENSG00000228649.8	0	0.49192882	0.49192882	0.49192882	0.49192882
chr7_144256239_A_G_b38	ENSG00000228960.5	1	0.49230257	0.49230257	0.49230257	0.49230257
chr7_144228238_C_T_b38	ENSG00000228960.5	1	0.4919136	0.4919136	0.4919136	0.4919136
chr7_144075228_A_G_b38	ENSG00000228960.5	0	0.49192882	0.49192882	0.49192882	0.49192882
chr7_128671538_G_A_b38	ENSG00000230715.3	1	0.49244747	0.49244747	0.49244747	0.49244747
chr13_46475331_C_T_b38	ENSG00000231817.7	1	0.49241698	0.49241698	0.49241698	0.49241698
chr13_46464731_G_C_b38	ENSG00000231817.7	1	0.49232543	0.49232543	0.49232543	0.49232543
chr13_46458380_T_C_b38	ENSG00000231817.7	1	0.49232543	0.49232543	0.49232543	0.49232543
chr13_46392390_T_C_b38	ENSG00000231817.7	1	0.49197456	0.49197456	0.49197456	0.49197456
chr13_46473449_T_A_b38	ENSG00000231817.7	0	0.49241698	0.49241698	0.49241698	0.49241698
chr13_46467890_C_T_b38	ENSG00000231817.7	0	0.49238643	0.49238643	0.49238643	0.49238643
chr13_46467884_A_G_b38	ENSG00000231817.7	0	0.49232543	0.49232543	0.49232543	0.49232543
chr13_46466162_T_G_b38	ENSG00000231817.7	0	0.4923712	0.4923712	0.4923712	0.4923712
chr13_46466142_GC_G_b38	ENSG00000231817.7	0	0.4923712	0.4923712	0.4923712	0.4923712
chr13_46466140_GT_G_b38	ENSG00000231817.7	0	0.49238643	0.49238643	0.49238643	0.49238643
chr13_46464623_A_C_b38	ENSG00000231817.7	0	0.4923712	0.4923712	0.4923712	0.4923712
chr13_46464575_C_G_b38	ENSG00000231817.7	0	0.49232543	0.49232543	0.49232543	0.49232543
chr13_46457988_A_T_b38	ENSG00000231817.7	0	0.4923712	0.4923712	0.4923712	0.4923712
chr13_46453409_C_A_b38	ENSG00000231817.7	0	0.49197456	0.49197456	0.49197456	0.49197456
chr13_46451951_T_C_b38	ENSG00000231817.7	0	0.49235594	0.49235594	0.49235594	0.49235594
chr13_46451199_G_T_b38	ENSG00000231817.7	0	0.49197456	0.49197456	0.49197456	0.49197456
chr13_46443277_A_C_b38	ENSG00000231817.7	0	0.49197456	0.49197456	0.49197456	0.49197456
chr9_136728638_C_T_b38	ENSG00000233016.6	1	0.49096778	0.49096778	0.49096778	0.49096778
chr7_102630907_G_A_b38	ENSG00000233297.4	1	0.49193645	0.49193645	0.49193645	0.49193645
chr7_76974326_G_C_b38	ENSG00000233448.2	1	0.49192882	0.49192882	0.49192882	0.49192882
chr13_109265441_C_T_b38	ENSG00000236242.1	1	0.49192882	0.49192882	0.49192882	0.49192882
chr13_109269056_G_A_b38	ENSG00000236242.1	1	0.49232543	0.49232543	0.49232543	0.49232543
chr13_109198250_A_G_b38	ENSG00000236242.1	0	0.49240172	0.49240172	0.49240172	0.49240172
chr7_128654707_G_A_b38	ENSG00000243302.3	0	0.49202034	0.49202034	0.49202034	0.49202034
chr7_128656835_C_T_b38	ENSG00000243302.3	0	0.49202034	0.49202034	0.49202034	0.49202034
chr7_128661847_C_T_b38	ENSG00000243302.3	0	0.49234068	0.49234068	0.49234068	0.49234068
chr7_128667861_A_G_b38	ENSG00000243302.3	0	0.49198982	0.49198982	0.49198982	0.49198982
chr7_128668763_A_G_b38	ENSG00000243302.3	0	0.49237883	0.49237883	0.49237883	0.49237883
chr7_128633403_C_T_b38	ENSG00000243302.3	0	0.4922339	0.4922339	0.4922339	0.4922339
chr7_128676227_G_C_b38	ENSG00000243302.3	0	0.49197456	0.49197456	0.49197456	0.49197456
chr7_128680869_C_T_b38	ENSG00000243302.3	0	0.49236354	0.49236354	0.49236354	0.49236354
chr7_128687324_A_G_b38	ENSG00000243302.3	0	0.49196693	0.49196693	0.49196693	0.49196693
chr7_128614381_TTTAAA_T_b38	ENSG00000243302.3	0	0.4919136	0.4919136	0.4919136	0.4919136
chr7_151443706_A_G_b38	ENSG00000243836.5	0	0.49232543	0.49232543	0.49232543	0.49232543
chr11_320394_C_T_b38	ENSG00000251661.3	1	0.49182203	0.49182203	0.49182203	0.49182203
chr11_517216_T_C_b38	ENSG00000251661.3	0	0.49192882	0.49192882	0.49192882	0.49192882
chr11_229811_T_G_b38	ENSG00000251661.3	0	0.49240172	0.49240172	0.49240172	0.49240172
chr8_143635081_C_T_b38	ENSG00000254812.1	1	0.4919822	0.4919822	0.4919822	0.4919822
chr8_143617254_G_C_b38	ENSG00000254812.1	1	0.49192882	0.49192882	0.49192882	0.49192882
chr11_67761908_C_T_b38	ENSG00000255147.1	1	0.49178386	0.49178386	0.49178386	0.49178386
chr11_67763242_T_C_b38	ENSG00000255147.1	1	0.49219573	0.49219573	0.49219573	0.49219573
chr11_67752359_A_G_b38	ENSG00000255147.1	0	0.4918983	0.4918983	0.4918983	0.4918983
chr11_67763446_G_T_b38	ENSG00000255147.1	0	0.49219573	0.49219573	0.49219573	0.49219573
chr13_110874982_A_G_b38	ENSG00000255874.2	1	0.49210423	0.49210423	0.49210423	0.49210423
chr7_142110930_A_ATT_b38	ENSG00000257743.8	1	0.49198982	0.49198982	0.49198982	0.49198982
chr7_142065610_T_C_b38	ENSG00000257743.8	1	0.49200508	0.49200508	0.49200508	0.49200508
chr8_143886741_T_A_b38	ENSG00000261150.2	1	0.49182963	0.49182963	0.49182963	0.49182963
chr8_143889098_A_G_b38	ENSG00000261150.2	1	0.49211186	0.49211186	0.49211186	0.49211186
chr9_40039433_G_A_b38	ENSG00000278175.3	1	0.49200508	0.49200508	0.49200508	0.49200508
chr9_39568389_G_A_b38	ENSG00000278175.3	1	0.49197456	0.49197456	0.49197456	0.49197456
chr9_39809920_T_TG_b38	ENSG00000278175.3	0	0.49106693	0.49106693	0.49106693	0.49106693
chr9_39809918_G_GCT_b38	ENSG00000278175.3	0	0.49106693	0.49106693	0.49106693	0.49106693
chr7_30403918_T_C_b38	ENSG00000281404.1	1	0.4919517	0.4919517	0.4919517	0.4919517
chr7_30404661_C_T_b38	ENSG00000281404.1	1	0.49234068	0.49234068	0.49234068	0.49234068
chr7_128656170_C_T_b38	ENSG00000281490.1	0	0.4923712	0.4923712	0.4923712	0.4923712
chr7_128696630_C_T_b38	ENSG00000281490.1	0	0.49238643	0.49238643	0.49238643	0.49238643
chr7_128598354_A_G_b38	ENSG00000281490.1	0	0.4919822	0.4919822	0.4919822	0.4919822
chr7_128520179_AGT_A_b38	ENSG00000281490.1	0	0.4919822	0.4919822	0.4919822	0.4919822
chr7_144383553_T_C_b38	ENSG00000050327.14	1	0.4919822	0.4919822	0.4919822	0.4919822
chr7_144379457_A_G_b38	ENSG00000050327.14	0	0.4919822	0.4919822	0.4919822	0.4919822
chr7_144379671_A_G_b38	ENSG00000050327.14	0	0.4923712	0.4923712	0.4923712	0.4923712
chr8_144404832_G_A_b38	ENSG00000071894.16	1	0.49213475	0.49213475	0.49213475	0.49213475
chr8_144392939_C_CACCTGTG_b38	ENSG00000071894.16	1	0.49208137	0.49208137	0.49208137	0.49208137
chr7_87622325_A_G_b38	ENSG00000105784.15	1	0.4923483	0.4923483	0.4923483	0.4923483
chr7_87720776_A_G_b38	ENSG00000105784.15	1	0.49200508	0.49200508	0.49200508	0.49200508
chr9_111350705_TAAC_T_b38	ENSG00000106853.18	0	0.49192882	0.49192882	0.49192882	0.49192882
chr9_370199_A_G_b38	ENSG00000107099.15	1	0.49200508	0.49200508	0.49200508	0.49200508
chr9_206132_A_C_b38	ENSG00000107099.15	0	0.49276784	0.49276784	0.49276784	0.49276784
chr9_113375733_C_T_b38	ENSG00000119431.9	1	0.49197456	0.49197456	0.49197456	0.49197456
chr9_113383232_G_A_b38	ENSG00000119431.9	1	0.49234068	0.49234068	0.49234068	0.49234068
chr9_113357049_A_G_b38	ENSG00000119431.9	0	0.49210423	0.49210423	0.49210423	0.49210423
chr7_5889002_G_C_b38	ENSG00000122674.11	1	0.4919593	0.4919593	0.4919593	0.4919593
chr7_5887685_G_C_b38	ENSG00000122674.11	1	0.49197456	0.49197456	0.49197456	0.49197456
chr7_6062969_G_T_b38	ENSG00000122674.11	0	0.49232543	0.49232543	0.49232543	0.49232543
chr8_143582129_G_A_b38	ENSG00000147813.15	0	0.4922568	0.4922568	0.4922568	0.4922568
chr8_143582165_G_A_b38	ENSG00000147813.15	0	0.4926458	0.4926458	0.4926458	0.4926458
chr8_143583882_G_T_b38	ENSG00000147813.15	0	0.4925695	0.4925695	0.4925695	0.4925695
chr7_133930257_A_G_b38	ENSG00000155530.2	0	0.49200508	0.49200508	0.49200508	0.49200508
chr7_65192682_G_A_b38	ENSG00000164669.12	1	0.49197456	0.49197456	0.49197456	0.49197456
chr7_65363825_T_A_b38	ENSG00000164669.12	1	0.49197456	0.49197456	0.49197456	0.49197456
chr9_186620_A_T_b38	ENSG00000172785.18	1	0.4905559	0.4905559	0.4905559	0.4905559
chr9_169265_C_A_b38	ENSG00000172785.18	0	0.490922	0.490922	0.490922	0.490922
chr11_313755_C_G_b38	ENSG00000185201.16	0	0.49101356	0.49101356	0.49101356	0.49101356
chr11_508720_C_T_b38	ENSG00000185201.16	0	0.49192882	0.49192882	0.49192882	0.49192882
chr9_137380928_T_C_b38	ENSG00000187609.15	1	0.49232543	0.49232543	0.49232543	0.49232543
chr9_137358392_C_T_b38	ENSG00000187609.15	1	0.49234068	0.49234068	0.49234068	0.49234068
chr9_137422632_C_A_b38	ENSG00000187609.15	0	0.49232543	0.49232543	0.49232543	0.49232543
chr9_137433211_C_T_b38	ENSG00000187609.15	0	0.4922644	0.4922644	0.4922644	0.4922644
chr7_30576740_C_G_b38	ENSG00000196295.11	1	0.49200508	0.49200508	0.49200508	0.49200508
chr7_30620345_A_G_b38	ENSG00000196295.11	1	0.49232543	0.49232543	0.49232543	0.49232543
chr7_30502906_T_TG_b38	ENSG00000196295.11	0	0.49192882	0.49192882	0.49192882	0.49192882
chr7_72945013_CAG_C_b38	ENSG00000196313.11	1	0.49200508	0.49200508	0.49200508	0.49200508
chr7_73300093_T_G_b38	ENSG00000196313.11	1	0.49200508	0.49200508	0.49200508	0.49200508
chr9_97218345_AAAC_A_b38	ENSG00000197816.13	0	0.49200508	0.49200508	0.49200508	0.49200508
chr7_144352743_CTACTAGTTGAA_C_b38	ENSG00000204959.4	1	0.49238643	0.49238643	0.49238643	0.49238643
chr13_23930979_C_A_b38	ENSG00000205863.10	1	0.49192882	0.49192882	0.49192882	0.49192882
chr13_23869849_T_C_b38	ENSG00000205863.10	1	0.49197456	0.49197456	0.49197456	0.49197456
chr13_23933800_C_A_b38	ENSG00000205863.10	0	0.49192882	0.49192882	0.49192882	0.49192882
chr9_136387025_G_A_b38	ENSG00000213221.4	1	0.4922873	0.4922873	0.4922873	0.4922873
chr9_135974990_C_T_b38	ENSG00000213221.4	0	0.49221864	0.49221864	0.49221864	0.49221864
chr7_128381575_T_C_b38	ENSG00000224940.8	1	0.4920356	0.4920356	0.4920356	0.4920356
chr7_128381666_G_A_b38	ENSG00000224940.8	1	0.49240932	0.49240932	0.49240932	0.49240932
chr7_128355428_C_T_b38	ENSG00000224940.8	0	0.49252373	0.49252373	0.49252373	0.49252373
chr7_128371913_C_T_b38	ENSG00000224940.8	0	0.49202034	0.49202034	0.49202034	0.49202034
chr7_144250121_G_A_b38	ENSG00000225932.3	1	0.49197456	0.49197456	0.49197456	0.49197456
chr7_144352743_CTACTAGTTGAA_C_b38	ENSG00000225932.3	1	0.4923712	0.4923712	0.4923712	0.4923712
chr7_144352743_CTACTAGTTGAA_C_b38	ENSG00000228960.5	1	0.49233305	0.49233305	0.49233305	0.49233305
chr7_144361188_C_T_b38	ENSG00000228960.5	1	0.4919517	0.4919517	0.4919517	0.4919517
chr11_1941470_C_T_b38	ENSG00000232987.1	1	0.49192882	0.49192882	0.49192882	0.49192882
chr11_1899055_A_G_b38	ENSG00000232987.1	1	0.49192882	0.49192882	0.49192882	0.49192882
chr9_136725815_G_A_b38	ENSG00000233016.6	1	0.49096778	0.49096778	0.49096778	0.49096778
chr7_26949592_G_C_b38	ENSG00000233429.9	0	0.49200508	0.49200508	0.49200508	0.49200508
chr7_74766_CA_C_b38	ENSG00000242611.2	1	0.49080762	0.49080762	0.49080762	0.49080762
chr7_144352743_CTACTAGTTGAA_C_b38	ENSG00000244479.6	1	0.49095252	0.49095252	0.49095252	0.49095252
chr7_144393151_C_T_b38	ENSG00000244479.6	0	0.49192882	0.49192882	0.49192882	0.49192882
chr7_144396008_T_C_b38	ENSG00000244479.6	0	0.49192882	0.49192882	0.49192882	0.49192882
chr9_97277454_C_G_b38	ENSG00000254633.1	0	0.49070466	0.49070466	0.49070466	0.49070466
chr9_97275168_G_A_b38	ENSG00000254633.1	0	0.49036908	0.49036908	0.49036908	0.49036908
chr9_97275054_G_T_b38	ENSG00000254633.1	0	0.49036908	0.49036908	0.49036908	0.49036908
chr9_97274133_A_C_b38	ENSG00000254633.1	0	0.49036908	0.49036908	0.49036908	0.49036908
chr9_97273494_C_T_b38	ENSG00000254633.1	0	0.49036908	0.49036908	0.49036908	0.49036908
chr9_97287087_G_A_b38	ENSG00000254633.1	0	0.48829865	0.48829865	0.4906818	0.4906818
chr9_97256634_A_G_b38	ENSG00000254633.1	0	0.49073136	0.49073136	0.49073136	0.49073136
chr9_97302428_C_T_b38	ENSG00000254633.1	0	0.49192882	0.49192882	0.49192882	0.49192882
chr9_97307618_A_G_b38	ENSG00000254633.1	0	0.49192882	0.49192882	0.49192882	0.49192882
chr9_97308528_G_A_b38	ENSG00000254633.1	0	0.49232543	0.49232543	0.49232543	0.49232543
chr9_97233232_G_A_b38	ENSG00000254633.1	0	0.49200508	0.49200508	0.49200508	0.49200508
chr9_97225996_G_A_b38	ENSG00000254633.1	0	0.49200508	0.49200508	0.49200508	0.49200508
chr9_97329203_A_G_b38	ENSG00000254633.1	0	0.49192882	0.49192882	0.49192882	0.49192882
chr9_97221056_G_A_b38	ENSG00000254633.1	0	0.49200508	0.49200508	0.49200508	0.49200508
chr9_97220981_C_G_b38	ENSG00000254633.1	0	0.49200508	0.49200508	0.49200508	0.49200508
chr9_97344954_C_T_b38	ENSG00000254633.1	0	0.49192882	0.49192882	0.49192882	0.49192882
chr9_97345602_G_A_b38	ENSG00000254633.1	0	0.49192882	0.49192882	0.49192882	0.49192882
chr9_97360565_A_T_b38	ENSG00000254633.1	0	0.49192882	0.49192882	0.49192882	0.49192882
chr9_97150580_A_G_b38	ENSG00000254633.1	0	0.49238643	0.49238643	0.49238643	0.49238643
chr11_119087417_C_A_b38	ENSG00000256269.7	1	0.49206612	0.49206612	0.49206612	0.49206612
chr11_119074792_T_C_b38	ENSG00000256269.7	1	0.49249324	0.49249324	0.49249324	0.49249324
chr7_143647950_C_T_b38	ENSG00000283537.1	1	0.4919822	0.4919822	0.4919822	0.4919822
chr7_143530257_C_T_b38	ENSG00000283537.1	1	0.49192882	0.49192882	0.49192882	0.49192882
chr7_143406845_C_T_b38	ENSG00000283537.1	1	0.49192882	0.49192882	0.49192882	0.49192882
chr9_62045087_G_A_b38	ENSG00000284471.1	1	0.49192882	0.49192882	0.49192882	0.49192882
chr9_61916728_C_T_b38	ENSG00000284471.1	1	0.49197456	0.49197456	0.49197456	0.49197456
chr9_61982446_G_C_b38	ENSG00000284471.1	0	0.49246272	0.49246272	0.49246272	0.49246272
chr9_61976589_C_A_b38	ENSG00000284471.1	0	0.49202034	0.49202034	0.49202034	0.49202034
chr9_61993338_C_T_b38	ENSG00000284471.1	0	0.49183726	0.49183726	0.49183726	0.49183726
chr9_61913949_G_A_b38	ENSG00000284471.1	0	0.49197456	0.49197456	0.49197456	0.49197456
chr9_62140237_G_A_b38	ENSG00000284471.1	0	0.49192882	0.49192882	0.49192882	0.49192882
chr11_17390274_C_T_b38	ENSG00000006071.12	0	0.49233305	0.49233305	0.49233305	0.49233305
chr8_144392053_A_G_b38	ENSG00000071894.16	1	0.49245512	0.49245512	0.49245512	0.49245512
chr8_17184187_CCT_C_b38	ENSG00000104219.12	1	0.49192882	0.49192882	0.49192882	0.49192882
chr8_17596651_G_C_b38	ENSG00000104219.12	0	0.49192882	0.49192882	0.49192882	0.49192882
chr8_143507042_A_G_b38	ENSG00000104518.10	0	0.4917915	0.4917915	0.4917915	0.4917915
chr7_939199_C_G_b38	ENSG00000105963.13	1	0.49229494	0.49229494	0.49229494	0.49229494
chr7_907599_C_T_b38	ENSG00000105963.13	1	0.49233305	0.49233305	0.49233305	0.49233305
chr7_881707_C_G_b38	ENSG00000105963.13	0	0.49192882	0.49192882	0.49192882	0.49192882
chr7_72948424_T_C_b38	ENSG00000106133.17	0	0.49188304	0.49188304	0.49188304	0.49188304
chr7_72946524_G_A_b38	ENSG00000106133.17	0	0.4918983	0.4918983	0.4918983	0.4918983
chr7_72914389_T_TA_b38	ENSG00000106133.17	0	0.49241698	0.49241698	0.49241698	0.49241698
chr9_128218866_T_A_b38	ENSG00000106976.20	1	0.49202034	0.49202034	0.49202034	0.49202034
chr9_128253000_G_A_b38	ENSG00000106976.20	1	0.4919593	0.4919593	0.4919593	0.4919593
chr9_128492160_C_T_b38	ENSG00000106976.20	0	0.49192882	0.49192882	0.49192882	0.49192882
chr7_100315523_G_T_b38	ENSG00000121716.20	1	0.4920127	0.4920127	0.4920127	0.4920127
chr7_100221381_CTCTG_C_b38	ENSG00000121716.20	0	0.49200508	0.49200508	0.49200508	0.49200508
chr7_100548305_T_G_b38	ENSG00000121716.20	0	0.49232543	0.49232543	0.49232543	0.49232543
chr7_5895819_A_G_b38	ENSG00000122674.11	1	0.49194404	0.49194404	0.49194404	0.49194404
chr7_6025450_A_G_b38	ENSG00000122674.11	0	0.49192882	0.49192882	0.49192882	0.49192882
chr11_18113921_G_A_b38	ENSG00000129167.9	0	0.49232543	0.49232543	0.49232543	0.49232543
chr9_137496449_C_T_b38	ENSG00000130653.15	1	0.49199745	0.49199745	0.49199745	0.49199745
chr11_6603668_G_A_b38	ENSG00000132275.10	0	0.49138728	0.49138728	0.49138728	0.49138728
chr9_35610318_CAGTG_C_b38	ENSG00000137101.12	1	0.49202797	0.49202797	0.49202797	0.49202797
chr7_1046084_A_AT_b38	ENSG00000146540.14	1	0.49200508	0.49200508	0.49200508	0.49200508
chr7_957698_C_G_b38	ENSG00000146540.14	1	0.49229494	0.49229494	0.49229494	0.49229494
chr7_1130822_C_T_b38	ENSG00000146540.14	0	0.49186778	0.49186778	0.49186778	0.49186778
chr7_1098889_G_A_b38	ENSG00000146540.14	0	0.49189067	0.49189067	0.49189067	0.49189067
chr7_1109745_G_A_b38	ENSG00000146540.14	0	0.49185252	0.49185252	0.49185252	0.49185252
chr7_1040928_G_A_b38	ENSG00000146540.14	0	0.49192882	0.49192882	0.49192882	0.49192882
chr7_76430915_G_A_b38	ENSG00000146707.14	1	0.49200508	0.49200508	0.49200508	0.49200508
chr7_76509528_T_C_b38	ENSG00000146707.14	0	0.49238643	0.49238643	0.49238643	0.49238643
chr8_144487477_T_A_b38	ENSG00000147804.9	0	0.4922568	0.4922568	0.4922568	0.4922568
chr8_143575099_G_C_b38	ENSG00000147813.15	1	0.49258476	0.49258476	0.49258476	0.49258476
chr8_143589515_G_C_b38	ENSG00000147813.15	1	0.492539	0.492539	0.492539	0.492539
chr8_143594692_C_T_b38	ENSG00000147813.15	1	0.49252373	0.49252373	0.49252373	0.49252373
chr9_133356490_A_G_b38	ENSG00000148290.9	0	0.4923483	0.4923483	0.4923483	0.4923483
chr9_133355635_G_A_b38	ENSG00000148290.9	0	0.4923483	0.4923483	0.4923483	0.4923483
chr9_133354358_T_C_b38	ENSG00000148290.9	0	0.4923483	0.4923483	0.4923483	0.4923483
chr11_6926530_T_A_b38	ENSG00000149054.15	1	0.4920356	0.4920356	0.4920356	0.4920356
chr11_6924198_G_T_b38	ENSG00000149054.15	0	0.49076188	0.49076188	0.49076188	0.49076188
chr11_6921721_T_C_b38	ENSG00000149054.15	0	0.49029663	0.49029663	0.49029663	0.49029663
chr11_6918738_A_G_b38	ENSG00000149054.15	0	0.49194404	0.49194404	0.49194404	0.49194404
chr11_6918563_G_A_b38	ENSG00000149054.15	0	0.49192882	0.49192882	0.49192882	0.49192882
chr11_6913605_C_G_b38	ENSG00000149054.15	0	0.49192882	0.49192882	0.49192882	0.49192882
chr11_6910995_G_T_b38	ENSG00000149054.15	0	0.4919593	0.4919593	0.4919593	0.4919593
chr11_6909474_A_G_b38	ENSG00000149054.15	0	0.49194404	0.49194404	0.49194404	0.49194404
chr11_6903969_G_A_b38	ENSG00000149054.15	0	0.49193645	0.49193645	0.49193645	0.49193645
chr11_113289477_C_T_b38	ENSG00000149292.16	1	0.4919517	0.4919517	0.4919517	0.4919517
chr11_113340648_T_G_b38	ENSG00000149292.16	1	0.49198982	0.49198982	0.49198982	0.49198982
chr11_113320706_C_T_b38	ENSG00000149292.16	0	0.4923712	0.4923712	0.4923712	0.4923712
chr11_134333644_T_C_b38	ENSG00000149328.14	1	0.4920394	0.4920394	0.4920394	0.4920394
chr11_134367306_C_T_b38	ENSG00000149328.14	1	0.49200508	0.49200508	0.49200508	0.49200508
chr11_134372433_A_G_b38	ENSG00000149328.14	1	0.49238643	0.49238643	0.49238643	0.49238643
chr8_22106083_A_AG_b38	ENSG00000158856.17	1	0.49202034	0.49202034	0.49202034	0.49202034
chr11_134056809_G_A_b38	ENSG00000166086.12	1	0.49224153	0.49224153	0.49224153	0.49224153
chr11_134150953_G_A_b38	ENSG00000166086.12	1	0.49197456	0.49197456	0.49197456	0.49197456
chr11_134049826_A_C_b38	ENSG00000166086.12	0	0.49197456	0.49197456	0.49197456	0.49197456
chr11_63831330_T_G_b38	ENSG00000168005.8	1	0.49230257	0.49230257	0.49230257	0.49230257
chr9_119802_G_A_b38	ENSG00000170122.5	1	0.49007547	0.49007547	0.49007547	0.49007547
chr9_114313_C_G_b38	ENSG00000170122.5	1	0.49134153	0.49134153	0.49134153	0.49134153
chr7_144256239_A_G_b38	ENSG00000170356.8	1	0.49242458	0.49242458	0.49242458	0.49242458
chr7_144256440_C_T_b38	ENSG00000170356.8	1	0.49242458	0.49242458	0.49242458	0.49242458
chr7_144351809_G_T_b38	ENSG00000170356.8	1	0.49238643	0.49238643	0.49238643	0.49238643
chr7_144090191_G_GT_b38	ENSG00000170356.8	0	0.4919822	0.4919822	0.4919822	0.4919822
chr9_188894_G_A_b38	ENSG00000172785.18	0	0.49051017	0.49051017	0.49051017	0.49051017
chr9_190923_C_G_b38	ENSG00000172785.18	0	0.49102116	0.49102116	0.49102116	0.49102116
chr9_166900_A_T_b38	ENSG00000172785.18	0	0.49085718	0.49085718	0.49085718	0.49085718
chr7_1121522_T_C_b38	ENSG00000178381.11	1	0.49194404	0.49194404	0.49194404	0.49194404
chr8_143695338_C_G_b38	ENSG00000181097.5	1	0.49224916	0.49224916	0.49224916	0.49224916
chr8_143689981_TG_T_b38	ENSG00000181097.5	0	0.49212712	0.49212712	0.49212712	0.49212712
chr11_306791_T_C_b38	ENSG00000185201.16	0	0.4920966	0.4920966	0.4920966	0.4920966
chr11_324163_C_T_b38	ENSG00000185201.16	0	0.4923102	0.4923102	0.4923102	0.4923102
chr8_12181731_A_G_b38	ENSG00000186523.14	0	0.49208137	0.49208137	0.49208137	0.49208137
chr9_137354662_C_T_b38	ENSG00000187609.15	1	0.49234068	0.49234068	0.49234068	0.49234068
chr9_137415890_C_T_b38	ENSG00000187609.15	0	0.49227965	0.49227965	0.49227965	0.49227965
chr9_137411235_A_G_b38	ENSG00000187609.15	0	0.4924322	0.4924322	0.4924322	0.4924322
chr9_137405368_C_G_b38	ENSG00000187609.15	0	0.49236354	0.49236354	0.49236354	0.49236354
chr9_137327067_G_T_b38	ENSG00000187609.15	0	0.49240172	0.49240172	0.49240172	0.49240172
chr9_137320423_C_G_b38	ENSG00000187609.15	0	0.49238643	0.49238643	0.49238643	0.49238643
chr9_137319742_C_G_b38	ENSG00000187609.15	0	0.4923712	0.4923712	0.4923712	0.4923712
chr9_137312527_G_T_b38	ENSG00000187609.15	0	0.49238643	0.49238643	0.49238643	0.49238643
chr7_73275853_G_C_b38	ENSG00000205578.5	0	0.4903729	0.4903729	0.4903729	0.4903729
chr9_41174321_G_A_b38	ENSG00000215126.10	1	0.490739	0.490739	0.490739	0.490739
chr7_144181613_C_G_b38	ENSG00000225932.3	1	0.49093726	0.49093726	0.49093726	0.49093726
chr7_144250107_G_T_b38	ENSG00000225932.3	1	0.49197456	0.49197456	0.49197456	0.49197456
chr7_144275581_G_A_b38	ENSG00000225932.3	1	0.49235594	0.49235594	0.49235594	0.49235594
chr7_144130653_G_A_b38	ENSG00000225932.3	0	0.49192882	0.49192882	0.49192882	0.49192882
chr7_144071561_AT_A_b38	ENSG00000225932.3	0	0.49192882	0.49192882	0.49192882	0.49192882
chr7_144163369_C_T_b38	ENSG00000228960.5	1	0.49192882	0.49192882	0.49192882	0.49192882
chr7_144484467_T_C_b38	ENSG00000228960.5	1	0.49192882	0.49192882	0.49192882	0.49192882
chr9_62840770_G_C_b38	ENSG00000229422.1	1	0.49121186	0.49121186	0.49121186	0.49121186
chr9_62820931_A_T_b38	ENSG00000229422.1	1	0.4919136	0.4919136	0.4919136	0.4919136
chr9_40118347_G_C_b38	ENSG00000230804.2	1	0.4917915	0.4917915	0.4917915	0.4917915
chr9_40085880_G_A_b38	ENSG00000230804.2	1	0.49192882	0.49192882	0.49192882	0.49192882
chr9_40050741_A_C_b38	ENSG00000230804.2	1	0.49192882	0.49192882	0.49192882	0.49192882
chr9_40134307_G_A_b38	ENSG00000230804.2	0	0.49192882	0.49192882	0.49192882	0.49192882
chr9_40163223_A_G_b38	ENSG00000230804.2	0	0.4919517	0.4919517	0.4919517	0.4919517
chr9_40003253_A_G_b38	ENSG00000230804.2	0	0.49192882	0.49192882	0.49192882	0.49192882
chr9_94318927_G_A_b38	ENSG00000232063.1	1	0.49197456	0.49197456	0.49197456	0.49197456
chr9_94358603_A_C_b38	ENSG00000232063.1	1	0.49196693	0.49196693	0.49196693	0.49196693
chr9_94333549_C_T_b38	ENSG00000232063.1	0	0.49185252	0.49185252	0.49185252	0.49185252
chr9_94363321_G_T_b38	ENSG00000232063.1	0	0.49194404	0.49194404	0.49194404	0.49194404
chr9_94381525_T_C_b38	ENSG00000232063.1	0	0.49192882	0.49192882	0.49192882	0.49192882
chr9_94383643_A_G_b38	ENSG00000232063.1	0	0.49232543	0.49232543	0.49232543	0.49232543
chr9_94392756_C_T_b38	ENSG00000232063.1	0	0.49232543	0.49232543	0.49232543	0.49232543
chr9_94395443_GC_G_b38	ENSG00000232063.1	0	0.49192882	0.49192882	0.49192882	0.49192882
chr9_94401202_A_G_b38	ENSG00000232063.1	0	0.49192882	0.49192882	0.49192882	0.49192882
chr9_94407813_A_G_b38	ENSG00000232063.1	0	0.49192882	0.49192882	0.49192882	0.49192882
chr9_94411877_C_G_b38	ENSG00000232063.1	0	0.49192882	0.49192882	0.49192882	0.49192882
chr9_94437265_C_G_b38	ENSG00000232063.1	0	0.49192882	0.49192882	0.49192882	0.49192882
chr9_94480439_G_A_b38	ENSG00000232063.1	0	0.49192882	0.49192882	0.49192882	0.49192882
chr11_1906559_T_C_b38	ENSG00000232987.1	1	0.49192882	0.49192882	0.49192882	0.49192882
chr7_73138155_T_C_b38	ENSG00000233369.7	1	0.49194404	0.49194404	0.49194404	0.49194404
chr7_73299786_G_A_b38	ENSG00000233369.7	1	0.4919136	0.4919136	0.4919136	0.4919136
chr7_73341632_TAAAC_T_b38	ENSG00000233369.7	0	0.49192882	0.49192882	0.49192882	0.49192882
chr7_27161286_A_G_b38	ENSG00000233429.9	0	0.49197456	0.49197456	0.49197456	0.49197456
chr7_76968317_C_T_b38	ENSG00000233448.2	1	0.49192882	0.49192882	0.49192882	0.49192882
chr9_62885682_A_G_b38	ENSG00000234665.8	1	0.4924322	0.4924322	0.4924322	0.4924322
chr9_62837635_T_TG_b38	ENSG00000234665.8	1	0.49192882	0.49192882	0.49192882	0.49192882
chr7_144181613_C_G_b38	ENSG00000243896.3	1	0.49200508	0.49200508	0.49200508	0.49200508
chr7_144484467_T_C_b38	ENSG00000243896.3	1	0.49192882	0.49192882	0.49192882	0.49192882
chr7_144361188_C_T_b38	ENSG00000244198.5	1	0.49192882	0.49192882	0.49192882	0.49192882
chr7_144459893_A_G_b38	ENSG00000244198.5	1	0.49192882	0.49192882	0.49192882	0.49192882
chr7_144178496_A_AGGATAATGCTGG_b38	ENSG00000244198.5	0	0.49196693	0.49196693	0.49196693	0.49196693
chr7_144154672_T_C_b38	ENSG00000244198.5	0	0.49199745	0.49199745	0.49199745	0.49199745
chr7_144152906_G_C_b38	ENSG00000244198.5	0	0.49199745	0.49199745	0.49199745	0.49199745
chr7_144148449_C_T_b38	ENSG00000244198.5	0	0.49199745	0.49199745	0.49199745	0.49199745
chr7_144146026_C_T_b38	ENSG00000244198.5	0	0.49238643	0.49238643	0.49238643	0.49238643
chr7_144144570_A_C_b38	ENSG00000244198.5	0	0.49199745	0.49199745	0.49199745	0.49199745
chr7_144131945_G_A_b38	ENSG00000244198.5	0	0.49200508	0.49200508	0.49200508	0.49200508
chr7_144127087_G_A_b38	ENSG00000244198.5	0	0.49200508	0.49200508	0.49200508	0.49200508
chr7_144360868_C_A_b38	ENSG00000244479.6	1	0.4919593	0.4919593	0.4919593	0.4919593
chr7_144484467_T_C_b38	ENSG00000244479.6	1	0.49192882	0.49192882	0.49192882	0.49192882
chr7_144391495_G_A_b38	ENSG00000244479.6	0	0.49192882	0.49192882	0.49192882	0.49192882
chr7_144230098_C_G_b38	ENSG00000244693.1	1	0.4919136	0.4919136	0.4919136	0.4919136
chr7_144056900_T_C_b38	ENSG00000244693.1	1	0.49192882	0.49192882	0.49192882	0.49192882
chr7_144417799_C_A_b38	ENSG00000244693.1	0	0.49232543	0.49232543	0.49232543	0.49232543
chr8_12812761_T_C_b38	ENSG00000254813.5	1	0.49238643	0.49238643	0.49238643	0.49238643
chr8_12813667_A_G_b38	ENSG00000254813.5	1	0.49238643	0.49238643	0.49238643	0.49238643
chr8_12790787_C_T_b38	ENSG00000254813.5	1	0.49202034	0.49202034	0.49202034	0.49202034
chr8_12786876_T_C_b38	ENSG00000254813.5	1	0.49202034	0.49202034	0.49202034	0.49202034
chr8_12686928_C_G_b38	ENSG00000254813.5	0	0.49232543	0.49232543	0.49232543	0.49232543
chr8_12158029_C_A_b38	ENSG00000255495.1	0	0.49240932	0.49240932	0.49240932	0.49240932
chr8_11934790_C_T_b38	ENSG00000255495.1	0	0.49238643	0.49238643	0.49238643	0.49238643
chr9_41270767_T_C_b38	ENSG00000279561.2	1	0.4916771	0.4916771	0.4916771	0.4916771
chr9_41126183_A_C_b38	ENSG00000279561.2	1	0.49206612	0.49206612	0.49206612	0.49206612
chr7_143748114_A_G_b38	ENSG00000283537.1	1	0.49237883	0.49237883	0.49237883	0.49237883
chr7_143367651_G_C_b38	ENSG00000283537.1	1	0.49192882	0.49192882	0.49192882	0.49192882
chr9_61902727_C_T_b38	ENSG00000284471.1	1	0.49197456	0.49197456	0.49197456	0.49197456
chr9_61980978_C_T_b38	ENSG00000284471.1	0	0.49038815	0.49038815	0.49038815	0.49038815
chr7_150788571_G_C_b38	ENSG00000002933.7	1	0.49240932	0.49240932	0.49240932	0.49240932
chr7_150815702_TC_T_b38	ENSG00000002933.7	1	0.4923712	0.4923712	0.4923712	0.4923712
chr7_150818586_T_C_b38	ENSG00000002933.7	0	0.4923178	0.4923178	0.4923178	0.4923178
chr8_17528087_C_G_b38	ENSG00000003987.13	1	0.49232543	0.49232543	0.49232543	0.49232543
chr8_17387403_C_A_b38	ENSG00000003987.13	0	0.49202797	0.49202797	0.49202797	0.49202797
chr8_17380147_G_A_b38	ENSG00000003987.13	0	0.49196693	0.49196693	0.49196693	0.49196693
chr8_17380146_T_C_b38	ENSG00000003987.13	0	0.49196693	0.49196693	0.49196693	0.49196693
chr8_17347058_G_A_b38	ENSG00000003987.13	0	0.49197456	0.49197456	0.49197456	0.49197456
chr8_17335765_C_A_b38	ENSG00000003987.13	0	0.49192882	0.49192882	0.49192882	0.49192882
chr11_17259226_G_A_b38	ENSG00000006071.12	0	0.49192882	0.49192882	0.49192882	0.49192882
chr8_143554296_C_T_b38	ENSG00000104518.10	0	0.49202034	0.49202034	0.49202034	0.49202034
chr7_102496096_T_G_b38	ENSG00000105808.17	1	0.49198982	0.49198982	0.49198982	0.49198982
chr9_111585121_T_C_b38	ENSG00000106853.18	1	0.4919517	0.4919517	0.4919517	0.4919517
chr9_111599427_G_C_b38	ENSG00000106853.18	0	0.49368322	0.49368322	0.49368322	0.49368322
chr11_5518855_G_C_b38	ENSG00000121236.20	0	0.49232543	0.49232543	0.49232543	0.49232543
chr7_5941955_C_T_b38	ENSG00000122674.11	1	0.4923712	0.4923712	0.4923712	0.4923712
chr7_102433016_C_G_b38	ENSG00000128563.13	1	0.4919136	0.4919136	0.4919136	0.4919136
chr7_102256094_A_G_b38	ENSG00000128563.13	1	0.49192882	0.49192882	0.49192882	0.49192882
chr9_135947307_G_A_b38	ENSG00000130560.8	1	0.49192882	0.49192882	0.49192882	0.49192882
chr9_135926392_C_T_b38	ENSG00000130560.8	1	0.4923483	0.4923483	0.4923483	0.4923483
chr11_6602203_G_A_b38	ENSG00000132275.10	1	0.49138728	0.49138728	0.49138728	0.49138728
chr7_76643566_C_T_b38	ENSG00000146707.14	1	0.49192882	0.49192882	0.49192882	0.49192882
chr7_76360612_G_A_b38	ENSG00000146707.14	1	0.49200508	0.49200508	0.49200508	0.49200508
chr8_19680372_G_C_b38	ENSG00000147408.14	1	0.49192882	0.49192882	0.49192882	0.49192882
chr8_19457523_G_T_b38	ENSG00000147408.14	1	0.49192882	0.49192882	0.49192882	0.49192882
chr11_113316054_G_A_b38	ENSG00000149292.16	1	0.49243984	0.49243984	0.49243984	0.49243984
chr11_113303207_T_C_b38	ENSG00000149292.16	1	0.4918983	0.4918983	0.4918983	0.4918983
chr11_113318515_C_T_b38	ENSG00000149292.16	0	0.49240172	0.49240172	0.49240172	0.49240172
chr9_42207061_T_G_b38	ENSG00000154529.14	0	0.49238643	0.49238643	0.49238643	0.49238643
chr9_42209687_C_A_b38	ENSG00000154529.14	0	0.49238643	0.49238643	0.49238643	0.49238643
chr9_42221453_G_T_b38	ENSG00000154529.14	0	0.49200508	0.49200508	0.49200508	0.49200508
chr9_42236707_G_A_b38	ENSG00000154529.14	0	0.49200508	0.49200508	0.49200508	0.49200508
chr9_133473476_C_A_b38	ENSG00000160325.14	1	0.49055213	0.49055213	0.49055213	0.49055213
chr9_133475078_T_G_b38	ENSG00000160325.14	1	0.49207374	0.49207374	0.49207374	0.49207374
chr7_102497055_C_A_b38	ENSG00000168255.19	1	0.49232543	0.49232543	0.49232543	0.49232543
chr7_102754325_C_G_b38	ENSG00000168255.19	0	0.49200508	0.49200508	0.49200508	0.49200508
chr11_128892457_C_A_b38	ENSG00000174370.9	1	0.49206612	0.49206612	0.49206612	0.49206612
chr11_128863066_G_T_b38	ENSG00000174370.9	1	0.49235594	0.49235594	0.49235594	0.49235594
chr11_128903907_A_G_b38	ENSG00000174370.9	0	0.4909411	0.4909411	0.4909411	0.4909411
chr9_38620027_A_C_b38	ENSG00000180071.19	1	0.49007547	0.49007547	0.49007547	0.49007547
chr9_38636068_G_C_b38	ENSG00000180071.19	1	0.4920356	0.4920356	0.4920356	0.4920356
chr8_142778078_C_A_b38	ENSG00000180155.19	1	0.49015173	0.49015173	0.49022797	0.49022797
chr8_142580301_G_A_b38	ENSG00000180155.19	1	0.49192882	0.49192882	0.49192882	0.49192882
chr9_137378565_GAGA_G_b38	ENSG00000187609.15	1	0.49240172	0.49240172	0.49240172	0.49240172
chr7_716846_G_C_b38	ENSG00000188191.14	1	0.4920127	0.4920127	0.4920127	0.4920127
chr7_711583_G_A_b38	ENSG00000188191.14	1	0.49193645	0.49193645	0.49193645	0.49193645
chr9_35905969_G_A_b38	ENSG00000196196.2	1	0.49059406	0.49059406	0.49059406	0.49059406
chr9_35902239_G_A_b38	ENSG00000196196.2	0	0.49206612	0.49206612	0.49206612	0.49206612
chr7_30582239_G_C_b38	ENSG00000196295.11	1	0.49192882	0.49192882	0.49192882	0.49192882
chr7_30520779_C_T_b38	ENSG00000196295.11	1	0.49192882	0.49192882	0.49192882	0.49192882
chr7_30643473_A_G_b38	ENSG00000196295.11	0	0.49192882	0.49192882	0.49192882	0.49192882
chr7_72948424_T_C_b38	ENSG00000196313.11	1	0.49200508	0.49200508	0.49200508	0.49200508
chr7_72859510_C_T_b38	ENSG00000196313.11	0	0.4919593	0.4919593	0.4919593	0.4919593
chr9_65306506_A_C_b38	ENSG00000204778.4	1	0.49115083	0.49115083	0.49115083	0.49115083
chr9_65681805_A_T_b38	ENSG00000204778.4	1	0.49244747	0.49244747	0.49244747	0.49244747
chr8_143572085_A_G_b38	ENSG00000204839.8	0	0.49198982	0.49198982	0.49198982	0.49198982
chr7_144398975_C_T_b38	ENSG00000204959.4	1	0.49238643	0.49238643	0.49238643	0.49238643
chr9_136430061_GCCC_G_b38	ENSG00000213221.4	0	0.4919136	0.4919136	0.4919136	0.4919136
chr8_28475649_G_A_b38	ENSG00000214050.7	1	0.49183726	0.49183726	0.49183726	0.49183726
chr8_28465872_A_C_b38	ENSG00000214050.7	1	0.4919593	0.4919593	0.4919593	0.4919593
chr8_28406034_A_G_b38	ENSG00000214050.7	0	0.49198982	0.49198982	0.49198982	0.49198982
chr9_41203466_CTG_C_b38	ENSG00000215126.10	1	0.4907161	0.4907161	0.4907161	0.4907161
chr7_144361188_C_T_b38	ENSG00000225932.3	1	0.4919822	0.4919822	0.4919822	0.4919822
chr7_144094884_G_A_b38	ENSG00000228960.5	0	0.49192882	0.49192882	0.49192882	0.49192882
chr7_1574625_T_C_b38	ENSG00000230487.7	1	0.49182203	0.49182203	0.49182203	0.49182203
chr9_3513965_G_A_b38	ENSG00000232104.3	1	0.4911737	0.4911737	0.4911737	0.4911737
chr9_3562001_T_C_b38	ENSG00000232104.3	1	0.49232543	0.49232543	0.49232543	0.49232543
chr9_3533175_G_A_b38	ENSG00000232104.3	0	0.4919593	0.4919593	0.4919593	0.4919593
chr9_3534367_G_C_b38	ENSG00000232104.3	0	0.49232543	0.49232543	0.49232543	0.49232543
chr9_3534512_G_A_b38	ENSG00000232104.3	0	0.49193645	0.49193645	0.49193645	0.49193645
chr7_27098937_C_A_b38	ENSG00000233429.9	0	0.49060935	0.49060935	0.49060935	0.49060935
chr7_27098938_A_T_b38	ENSG00000233429.9	0	0.49060935	0.49060935	0.49060935	0.49060935
chr7_27058405_T_A_b38	ENSG00000233429.9	0	0.49200508	0.49200508	0.49200508	0.49200508
chr7_27024977_T_C_b38	ENSG00000233429.9	0	0.49238643	0.49238643	0.49238643	0.49238643
chr7_26991918_A_C_b38	ENSG00000233429.9	0	0.49200508	0.49200508	0.49200508	0.49200508
chr7_77009438_C_A_b38	ENSG00000233448.2	0	0.49192882	0.49192882	0.49192882	0.49192882
chr7_77007753_G_A_b38	ENSG00000233448.2	0	0.49192882	0.49192882	0.49192882	0.49192882
chr7_77002410_G_A_b38	ENSG00000233448.2	0	0.49192882	0.49192882	0.49192882	0.49192882
chr7_77002145_A_G_b38	ENSG00000233448.2	0	0.49192882	0.49192882	0.49192882	0.49192882
chr7_77001641_C_T_b38	ENSG00000233448.2	0	0.49192882	0.49192882	0.49192882	0.49192882
chr9_35909425_T_C_b38	ENSG00000235387.2	1	0.4911813	0.4911813	0.4911813	0.4911813
chr9_35908316_A_C_b38	ENSG00000235387.2	1	0.49198982	0.49198982	0.49198982	0.49198982
chr9_136546393_G_A_b38	ENSG00000237886.1	1	0.4919136	0.4919136	0.4919136	0.4919136
chr9_136556480_C_T_b38	ENSG00000237886.1	0	0.49240172	0.49240172	0.49240172	0.49240172
chr9_136558307_C_T_b38	ENSG00000237886.1	0	0.49207374	0.49207374	0.49207374	0.49207374
chr7_144197151_C_G_b38	ENSG00000244198.5	1	0.4904301	0.4904301	0.4904301	0.4904301
chr7_144180383_A_G_b38	ENSG00000244198.5	0	0.49196693	0.49196693	0.49196693	0.49196693
chr7_144180383_A_G_b38	ENSG00000244693.1	0	0.49192882	0.49192882	0.49192882	0.49192882
chr8_12424121_T_C_b38	ENSG00000255495.1	1	0.49198982	0.49198982	0.49198982	0.49198982
chr11_113289477_C_T_b38	ENSG00000270179.1	1	0.49200508	0.49200508	0.49200508	0.49200508
chr11_113289048_G_T_b38	ENSG00000270179.1	1	0.49200508	0.49200508	0.49200508	0.49200508
chr11_113330558_C_G_b38	ENSG00000270179.1	0	0.49238643	0.49238643	0.49238643	0.49238643
chr7_7564632_A_G_b38	ENSG00000272732.1	1	0.4920356	0.4920356	0.4920356	0.4920356
chr7_7565624_G_A_b38	ENSG00000272732.1	1	0.4920356	0.4920356	0.4920356	0.4920356
chr7_1478082_A_G_b38	ENSG00000273230.1	0	0.49246272	0.49246272	0.49246272	0.49246272
chr7_128661191_C_T_b38	ENSG00000281490.1	0	0.4923712	0.4923712	0.4923712	0.4923712
chr7_128655127_G_C_b38	ENSG00000281490.1	0	0.4922263	0.4922263	0.4922263	0.4922263
chr7_128654383_C_T_b38	ENSG00000281490.1	0	0.4922263	0.4922263	0.4922263	0.4922263
chr7_128664802_T_C_b38	ENSG00000281490.1	0	0.49208137	0.49208137	0.49208137	0.49208137
chr7_128652604_G_A_b38	ENSG00000281490.1	0	0.49183726	0.49183726	0.49183726	0.49183726
chr7_128652054_G_T_b38	ENSG00000281490.1	0	0.49183726	0.49183726	0.49183726	0.49183726
chr7_128666006_A_G_b38	ENSG00000281490.1	0	0.49208137	0.49208137	0.49208137	0.49208137
chr7_128649757_C_T_b38	ENSG00000281490.1	0	0.4917915	0.4917915	0.4917915	0.4917915
chr7_128649074_C_T_b38	ENSG00000281490.1	0	0.4917915	0.4917915	0.4917915	0.49182963
chr7_128648676_C_T_b38	ENSG00000281490.1	0	0.4917915	0.4917915	0.4917915	0.4917915
chr7_128669991_A_G_b38	ENSG00000281490.1	0	0.49208897	0.49208897	0.49208897	0.49208897
chr7_128670429_G_A_b38	ENSG00000281490.1	0	0.49208897	0.49208897	0.49208897	0.49208897
chr7_128643497_A_G_b38	ENSG00000281490.1	0	0.49186778	0.49186778	0.49186778	0.49186778
chr7_128674304_T_C_b38	ENSG00000281490.1	0	0.49208137	0.49208137	0.49208137	0.49208137
chr7_128675737_C_G_b38	ENSG00000281490.1	0	0.49247035	0.49247035	0.49247035	0.49247035
chr7_128675949_T_C_b38	ENSG00000281490.1	0	0.49208137	0.49208137	0.49208137	0.49208137
chr7_128639335_C_T_b38	ENSG00000281490.1	0	0.4922644	0.4922644	0.4922644	0.4922644
chr7_128637081_C_T_b38	ENSG00000281490.1	0	0.4918754	0.4918754	0.4918754	0.4918754
chr7_128636491_CT_C_b38	ENSG00000281490.1	0	0.4922644	0.4922644	0.4922644	0.4922644
chr7_128635540_T_G_b38	ENSG00000281490.1	0	0.49185252	0.49185252	0.49185252	0.49185252
chr7_128634074_T_G_b38	ENSG00000281490.1	0	0.49183726	0.49183726	0.49183726	0.49183726
chr7_128633906_T_C_b38	ENSG00000281490.1	0	0.49183726	0.49183726	0.49183726	0.49183726
chr7_128633002_G_T_b38	ENSG00000281490.1	0	0.4922339	0.4922339	0.4922339	0.4922339
chr7_128684653_T_C_b38	ENSG00000281490.1	0	0.4923102	0.4923102	0.4923102	0.4923102
chr7_128630910_A_G_b38	ENSG00000281490.1	0	0.4922339	0.4922339	0.4922339	0.4922339
chr7_128689240_A_G_b38	ENSG00000281490.1	0	0.49206612	0.49206612	0.49206612	0.49206612
chr7_128626463_C_T_b38	ENSG00000281490.1	0	0.49183726	0.49183726	0.49183726	0.49183726
chr7_128691631_G_T_b38	ENSG00000281490.1	0	0.49205086	0.49205086	0.49205086	0.49205086
chr7_128623235_A_AG_b38	ENSG00000281490.1	0	0.4919136	0.4919136	0.4919136	0.4919136
chr7_128622883_G_A_b38	ENSG00000281490.1	0	0.4919136	0.4919136	0.4919136	0.4919136
chr7_128619957_G_A_b38	ENSG00000281490.1	0	0.4919136	0.4919136	0.4919136	0.4919136
chr7_128603027_G_A_b38	ENSG00000281490.1	0	0.4923712	0.4923712	0.4923712	0.4923712
chr7_128598394_G_A_b38	ENSG00000281490.1	0	0.4923712	0.4923712	0.4923712	0.4923712
chr7_128593943_T_C_b38	ENSG00000281490.1	0	0.4919822	0.4919822	0.4919822	0.4919822
chr7_128583928_T_C_b38	ENSG00000281490.1	0	0.4919822	0.4919822	0.4919822	0.4919822
chr7_128578374_G_A_b38	ENSG00000281490.1	0	0.4919822	0.4919822	0.4919822	0.4919822
chr7_128564664_T_C_b38	ENSG00000281490.1	0	0.4919822	0.4919822	0.4919822	0.4919822
chr7_128560632_T_G_b38	ENSG00000281490.1	0	0.4919822	0.4919822	0.4919822	0.4919822
chr7_128559913_G_A_b38	ENSG00000281490.1	0	0.4923712	0.4923712	0.4923712	0.4923712
chr7_128557951_T_C_b38	ENSG00000281490.1	0	0.4919822	0.4919822	0.4919822	0.4919822
chr7_128532977_A_C_b38	ENSG00000281490.1	0	0.4919822	0.4919822	0.4919822	0.4919822
chr7_964612_G_C_b38	ENSG00000105963.13	1	0.49232543	0.49232543	0.49232543	0.49232543
chr7_944142_T_C_b38	ENSG00000105963.13	1	0.49235594	0.49235594	0.49235594	0.49235594
chr9_518746_G_A_b38	ENSG00000107104.18	1	0.4919822	0.4919822	0.4919822	0.4919822
chr9_706608_T_C_b38	ENSG00000107104.18	1	0.4919822	0.4919822	0.4919822	0.4919822
chr11_72133929_G_C_b38	ENSG00000110203.8	1	0.49204323	0.49204323	0.49204323	0.49204323
chr11_72139110_CTA_C_b38	ENSG00000110203.8	1	0.4923941	0.4923941	0.4923941	0.4923941
chr11_2874334_T_C_b38	ENSG00000110628.13	1	0.49194404	0.49194404	0.49194404	0.49194404
chr7_6063800_C_A_b38	ENSG00000122674.11	1	0.49192882	0.49192882	0.49192882	0.49192882
chr7_5910199_C_T_b38	ENSG00000122674.11	0	0.49199745	0.49199745	0.49199745	0.49199745
chr7_36737663_G_C_b38	ENSG00000136250.11	1	0.4920356	0.4920356	0.4920356	0.4920356
chr11_328604_G_A_b38	ENSG00000142089.15	1	0.4921576	0.4921576	0.4921576	0.4921576
chr11_308363_G_C_b38	ENSG00000142089.15	1	0.49194404	0.49194404	0.49194404	0.49194404
chr11_307726_A_G_b38	ENSG00000142089.15	1	0.49232543	0.49232543	0.49232543	0.49232543
chr7_76619684_T_C_b38	ENSG00000146707.14	0	0.490514	0.490514	0.490514	0.490514
chr7_143407723_G_A_b38	ENSG00000146904.8	1	0.49204323	0.49204323	0.49204323	0.49204323
chr7_143384849_G_C_b38	ENSG00000146904.8	1	0.4918983	0.4918983	0.4918983	0.4918983
chr7_158720339_G_C_b38	ENSG00000146918.19	1	0.4920966	0.4920966	0.4920966	0.4920966
chr7_158660473_G_A_b38	ENSG00000146918.19	1	0.49192882	0.49192882	0.49192882	0.49192882
chr8_143582648_C_T_b38	ENSG00000147813.15	1	0.49224916	0.49224916	0.49224916	0.49224916
chr9_94356580_G_A_b38	ENSG00000148110.15	1	0.49185252	0.49185252	0.49185252	0.49185252
chr9_94323356_C_T_b38	ENSG00000148110.15	1	0.49230257	0.49230257	0.49230257	0.49230257
chr9_94392830_GATC_G_b38	ENSG00000148110.15	0	0.49192882	0.49192882	0.49192882	0.49192882
chr11_75524167_C_T_b38	ENSG00000158555.14	1	0.4919136	0.4919136	0.4919136	0.4919136
chr11_75501355_C_T_b38	ENSG00000158555.14	1	0.4919136	0.4919136	0.4919136	0.4919136
chr11_69056239_G_A_b38	ENSG00000162341.16	1	0.49247795	0.49247795	0.49247795	0.49247795
chr11_69028106_A_G_b38	ENSG00000162341.16	1	0.49194404	0.49194404	0.49194404	0.49194404
chr11_69049096_A_G_b38	ENSG00000162341.16	0	0.49247795	0.49247795	0.49247795	0.49247795
chr11_69050638_A_G_b38	ENSG00000162341.16	0	0.49247795	0.49247795	0.49247795	0.49247795
chr11_69054233_T_C_b38	ENSG00000162341.16	0	0.49247795	0.49247795	0.49247795	0.49247795
chr11_69057046_A_C_b38	ENSG00000162341.16	0	0.49205086	0.49205086	0.49205086	0.49205086
chr11_69057569_A_C_b38	ENSG00000162341.16	0	0.49205086	0.49205086	0.49205086	0.49205086
chr11_68963260_A_G_b38	ENSG00000162341.16	0	0.49192882	0.49192882	0.49192882	0.49192882
chr7_6416460_C_T_b38	ENSG00000164535.14	1	0.49198982	0.49198982	0.49198982	0.49198982
chr7_6408728_C_T_b38	ENSG00000164535.14	1	0.49205086	0.49205086	0.49205086	0.49205086
chr7_102567320_AGATTGATT_A_b38	ENSG00000168255.19	1	0.49210423	0.49210423	0.49210423	0.49210423
chr8_22169938_C_T_b38	ENSG00000168487.17	1	0.4920356	0.4920356	0.4920356	0.4920356
chr8_22191277_T_G_b38	ENSG00000168487.17	1	0.49189067	0.49189067	0.49189067	0.49189067
chr8_22168167_T_G_b38	ENSG00000168487.17	0	0.4920356	0.4920356	0.4920356	0.4920356
chr8_2006298_G_T_b38	ENSG00000176595.3	1	0.49232543	0.49232543	0.49232543	0.49232543
chr8_2020976_A_G_b38	ENSG00000176595.3	1	0.49192882	0.49192882	0.49192882	0.49192882
chr8_1995583_T_C_b38	ENSG00000176595.3	0	0.49180678	0.49180678	0.49180678	0.49180678
chr8_1998881_G_C_b38	ENSG00000176595.3	0	0.49186778	0.49186778	0.49186778	0.49186778
chr11_827955_G_A_b38	ENSG00000177685.16	1	0.49103642	0.49103642	0.49103642	0.49103642
chr7_76626787_G_GGGAGGGCGGTGT_b38	ENSG00000188372.14	1	0.49238643	0.49238643	0.49238643	0.49238643
chr7_76384398_C_T_b38	ENSG00000188372.14	0	0.49198982	0.49198982	0.49198982	0.49198982
chr7_4972740_TG_T_b38	ENSG00000196204.11	1	0.4911356	0.4911356	0.4911356	0.4911356
chr7_4994937_A_G_b38	ENSG00000196204.11	1	0.49202034	0.49202034	0.49202034	0.49202034
chr7_4981323_C_G_b38	ENSG00000196204.11	0	0.49115846	0.49115846	0.49115846	0.49115846
chr7_5041847_G_A_b38	ENSG00000196204.11	0	0.49197456	0.49197456	0.49197456	0.49197456
chr9_87464396_C_T_b38	ENSG00000196730.12	1	0.49192882	0.49192882	0.49192882	0.49192882
chr9_87611881_A_G_b38	ENSG00000196730.12	1	0.49200508	0.49200508	0.49200508	0.49200508
chr9_129459385_C_CG_b38	ENSG00000204054.13	1	0.49186778	0.49186778	0.49186778	0.49186778
chr9_129474898_G_A_b38	ENSG00000204054.13	0	0.49186778	0.49186778	0.49186778	0.49186778
chr9_129458579_G_T_b38	ENSG00000204054.13	0	0.4922644	0.4922644	0.4922644	0.4922644
chr9_129458081_G_GT_b38	ENSG00000204054.13	0	0.4922644	0.4922644	0.4922644	0.4922644
chr11_65224283_G_A_b38	ENSG00000204710.2	0	0.49200508	0.49200508	0.49200508	0.49200508
chr8_143579394_G_A_b38	ENSG00000204839.8	1	0.49244747	0.49244747	0.49244747	0.49244747
chr8_143583399_T_C_b38	ENSG00000204839.8	1	0.49211186	0.49211186	0.49211186	0.49211186
chr9_114325132_G_A_b38	ENSG00000228278.3	1	0.49227965	0.49227965	0.49227965	0.49227965
chr9_114318690_G_C_b38	ENSG00000228278.3	1	0.4918754	0.4918754	0.4918754	0.4918754
chr9_114315893_T_A_b38	ENSG00000228278.3	1	0.49185252	0.49185252	0.49185252	0.49185252
chr9_114328295_T_C_b38	ENSG00000228278.3	0	0.4918983	0.4918983	0.4918983	0.4918983
chr9_114324932_T_A_b38	ENSG00000228278.3	0	0.4918983	0.4918983	0.4918983	0.4918983
chr9_138210807_T_A_b38	ENSG00000233013.9	1	0.4922873	0.4922873	0.4922873	0.4922873
chr9_138145585_A_G_b38	ENSG00000233013.9	1	0.4919517	0.4919517	0.4919517	0.4919517
chr7_102692799_T_C_b38	ENSG00000233297.4	0	0.49211186	0.49211186	0.49211186	0.49211186
chr7_102693287_T_G_b38	ENSG00000233297.4	0	0.49249324	0.49249324	0.49249324	0.49249324
chr7_102696609_A_G_b38	ENSG00000233297.4	0	0.49234068	0.49234068	0.49234068	0.49234068
chr7_102696781_G_C_b38	ENSG00000233297.4	0	0.4919517	0.4919517	0.4919517	0.4919517
chr7_102703610_A_G_b38	ENSG00000233297.4	0	0.4919593	0.4919593	0.4919593	0.4919593
chr7_26913945_C_G_b38	ENSG00000233429.9	1	0.49238643	0.49238643	0.49238643	0.49238643
chr7_27088077_G_T_b38	ENSG00000233429.9	0	0.49240932	0.49240932	0.49240932	0.49240932
chr7_65271693_A_G_b38	ENSG00000234585.6	1	0.49192882	0.49192882	0.49192882	0.49192882
chr7_65364730_A_G_b38	ENSG00000234585.6	1	0.49192882	0.49192882	0.49192882	0.49192882
chr11_329181_C_G_b38	ENSG00000251661.3	1	0.49182203	0.49182203	0.49182203	0.49182203
chr11_65181084_A_G_b38	ENSG00000254614.2	1	0.4922263	0.4922263	0.4922263	0.4922263
chr11_65169248_A_C_b38	ENSG00000254614.2	1	0.49246272	0.49246272	0.49246272	0.49246272
chr11_324630_G_C_b38	ENSG00000255328.1	1	0.49065128	0.49065128	0.49065128	0.49065128
chr11_307029_C_T_b38	ENSG00000255328.1	0	0.49194404	0.49194404	0.49194404	0.49194404
chr7_74720592_C_T_b38	ENSG00000263001.5	1	0.49192882	0.49192882	0.49192882	0.49192882
chr7_75028417_G_A_b38	ENSG00000263001.5	1	0.49232543	0.49232543	0.49232543	0.49232543
chr7_75067561_G_A_b38	ENSG00000263001.5	0	0.49192882	0.49192882	0.49192882	0.49192882
chr11_324630_G_C_b38	ENSG00000270972.1	1	0.49204323	0.49204323	0.49204323	0.49204323
chr11_316680_C_G_b38	ENSG00000270972.1	1	0.49194404	0.49194404	0.49194404	0.49194404
chr7_143576905_C_A_b38	ENSG00000283537.1	1	0.49232543	0.49232543	0.49232543	0.49232543
